Command line invocation:
    /Applications/Xcode.app/Contents/Developer/usr/bin/xcodebuild -project App.xcodeproj -scheme App -configuration Release archive -archivePath build/App.xcarchive

Resolve Package Graph


Resolved source packages:
  CapacitorBrowser: /Users/home/Websites/petrabaptist/node_modules/@capacitor/browser @ local
  CapacitorCamera: /Users/home/Websites/petrabaptist/node_modules/@capacitor/camera @ local
  CapApp-SPM: /Users/home/Websites/petrabaptist/ios/App/CapApp-SPM @ local
  CapacitorSplashScreen: /Users/home/Websites/petrabaptist/node_modules/@capacitor/splash-screen @ local
  capacitor-swift-pm: https://github.com/ionic-team/capacitor-swift-pm.git @ 8.0.0

2026-09-07 17:31:29.196 xcodebuild[1007:12150336] [MT] IDERunDestination: Supported platforms for the buildables in the current scheme is empty.
--- xcodebuild: WARNING: Using the first of multiple matching destinations:
{ platform:iOS, id:dvtdevice-DVTiPhonePlaceholder-iphoneos:placeholder, name:Any iOS Device }
{ platform:iOS Simulator, id:dvtdevice-DVTiOSDeviceSimulatorPlaceholder-iphonesimulator:placeholder, name:Any iOS Simulator Device }
{ platform:iOS, arch:arm64, id:00008101-001A51C002B8001E, name:iPhone }
{ platform:iOS Simulator, arch:x86_64, id:72AE786A-1203-4E61-9396-4EBEE0F55F2D, OS:26.3.1, name:iPad (A16) }
{ platform:iOS Simulator, arch:x86_64, id:B1827916-51C2-4979-AAC4-813C6C6F0D3A, OS:26.3.1, name:iPad Air 11-inch (M3) }
{ platform:iOS Simulator, arch:x86_64, id:C4BE3134-90DE-4440-B9D1-C315CAF0B1E5, OS:26.3.1, name:iPad Air 13-inch (M3) }
{ platform:iOS Simulator, arch:x86_64, id:2952E162-F86A-4EA0-881F-446742605190, OS:26.3.1, name:iPad Pro 11-inch (M5) }
{ platform:iOS Simulator, arch:x86_64, id:021513AC-63F6-4874-B4C3-9A583EAA6C90, OS:26.3.1, name:iPad Pro 13-inch (M5) }
{ platform:iOS Simulator, arch:x86_64, id:242DD5AF-5D8B-4890-BC11-1F579BC216A0, OS:26.3.1, name:iPad mini (A17 Pro) }
{ platform:iOS Simulator, arch:x86_64, id:EAC1341C-0598-4C43-8B10-934EFFEE1E50, OS:26.3.1, name:iPhone 16e }
{ platform:iOS Simulator, arch:x86_64, id:5BA26304-F2B2-4A2A-BFC4-1253C9AD800B, OS:26.3.1, name:iPhone 17 }
{ platform:iOS Simulator, arch:x86_64, id:E6BC3EA2-495C-4350-80BE-DF161207AF57, OS:26.3.1, name:iPhone 17 Pro }
{ platform:iOS Simulator, arch:x86_64, id:E94D1FB7-F6D7-4B97-AB3F-BA5FF23E9062, OS:26.3.1, name:iPhone 17 Pro Max }
{ platform:iOS Simulator, arch:x86_64, id:3A2D3060-0556-4601-BF49-72A7CE93135A, OS:26.3.1, name:iPhone Air }
ComputePackagePrebuildTargetDependencyGraph

Prepare packages

CreateBuildRequest

SendProjectDescription

CreateBuildOperation

ComputeTargetDependencyGraph
note: Building targets in dependency order
note: Target dependency graph (11 targets)
    Target 'App' in project 'App'
        ➜ Explicit dependency on target 'CapApp-SPM' in project 'CapApp-SPM'
    Target 'CapApp-SPM' in project 'CapApp-SPM'
        ➜ Explicit dependency on target 'CapApp-SPM' in project 'CapApp-SPM'
        ➜ Explicit dependency on target 'Capacitor' in project 'capacitor-swift-pm'
        ➜ Explicit dependency on target 'Cordova' in project 'capacitor-swift-pm'
        ➜ Explicit dependency on target 'CapacitorBrowser' in project 'CapacitorBrowser'
        ➜ Explicit dependency on target 'CapacitorCamera' in project 'CapacitorCamera'
        ➜ Explicit dependency on target 'CapacitorSplashScreen' in project 'CapacitorSplashScreen'
    Target 'CapApp-SPM' in project 'CapApp-SPM'
        ➜ Explicit dependency on target 'Capacitor' in project 'capacitor-swift-pm'
        ➜ Explicit dependency on target 'Cordova' in project 'capacitor-swift-pm'
        ➜ Explicit dependency on target 'CapacitorBrowser' in project 'CapacitorBrowser'
        ➜ Explicit dependency on target 'CapacitorCamera' in project 'CapacitorCamera'
        ➜ Explicit dependency on target 'CapacitorSplashScreen' in project 'CapacitorSplashScreen'
    Target 'CapacitorSplashScreen' in project 'CapacitorSplashScreen'
        ➜ Explicit dependency on target 'SplashScreenPlugin' in project 'CapacitorSplashScreen'
        ➜ Explicit dependency on target 'Capacitor' in project 'capacitor-swift-pm'
        ➜ Explicit dependency on target 'Cordova' in project 'capacitor-swift-pm'
    Target 'SplashScreenPlugin' in project 'CapacitorSplashScreen'
        ➜ Explicit dependency on target 'Capacitor' in project 'capacitor-swift-pm'
        ➜ Explicit dependency on target 'Cordova' in project 'capacitor-swift-pm'
    Target 'CapacitorCamera' in project 'CapacitorCamera'
        ➜ Explicit dependency on target 'CameraPlugin' in project 'CapacitorCamera'
        ➜ Explicit dependency on target 'Capacitor' in project 'capacitor-swift-pm'
        ➜ Explicit dependency on target 'Cordova' in project 'capacitor-swift-pm'
    Target 'CameraPlugin' in project 'CapacitorCamera'
        ➜ Explicit dependency on target 'Capacitor' in project 'capacitor-swift-pm'
        ➜ Explicit dependency on target 'Cordova' in project 'capacitor-swift-pm'
    Target 'CapacitorBrowser' in project 'CapacitorBrowser'
        ➜ Explicit dependency on target 'BrowserPlugin' in project 'CapacitorBrowser'
        ➜ Explicit dependency on target 'Capacitor' in project 'capacitor-swift-pm'
        ➜ Explicit dependency on target 'Cordova' in project 'capacitor-swift-pm'
    Target 'BrowserPlugin' in project 'CapacitorBrowser'
        ➜ Explicit dependency on target 'Capacitor' in project 'capacitor-swift-pm'
        ➜ Explicit dependency on target 'Cordova' in project 'capacitor-swift-pm'
    Target 'Cordova' in project 'capacitor-swift-pm' (no dependencies)
    Target 'Capacitor' in project 'capacitor-swift-pm' (no dependencies)

GatherProvisioningInputs

CreateBuildDescription

ExecuteExternalTool /Applications/Xcode.app/Contents/Developer/Toolchains/XcodeDefault.xctoolchain/usr/bin/swiftc --version

ExecuteExternalTool /Applications/Xcode.app/Contents/Developer/Toolchains/XcodeDefault.xctoolchain/usr/bin/clang -v -E -dM -isysroot /Applications/Xcode.app/Contents/Developer/Platforms/iPhoneOS.platform/Developer/SDKs/iPhoneOS26.2.sdk -x c -c /dev/null

ExecuteExternalTool /Applications/Xcode.app/Contents/Developer/usr/bin/actool --print-asset-tag-combinations --output-format xml1 /Users/home/Websites/petrabaptist/ios/App/App/Assets.xcassets

ExecuteExternalTool /Applications/Xcode.app/Contents/Developer/usr/bin/ibtool --version --output-format xml1

ExecuteExternalTool /Applications/Xcode.app/Contents/Developer/Toolchains/XcodeDefault.xctoolchain/usr/bin/ld -version_details

ExecuteExternalTool /Applications/Xcode.app/Contents/Developer/usr/bin/actool --version --output-format xml1

Build description signature: b1047101b6cdd492320fcb78f8a461a0
Build description path: /Users/home/Library/Developer/Xcode/DerivedData/App-flzltcdmtckmrqcuxnypqsjuaodg/Build/Intermediates.noindex/ArchiveIntermediates/App/IntermediateBuildFilesPath/XCBuildData/b1047101b6cdd492320fcb78f8a461a0.xcbuilddata
CreateBuildDirectory /Users/home/Library/Developer/Xcode/DerivedData/App-flzltcdmtckmrqcuxnypqsjuaodg/Build/Intermediates.noindex/ArchiveIntermediates/App/InstallationBuildProductsLocation
    cd /Users/home/Websites/petrabaptist/ios/App/App.xcodeproj
    builtin-create-build-directory /Users/home/Library/Developer/Xcode/DerivedData/App-flzltcdmtckmrqcuxnypqsjuaodg/Build/Intermediates.noindex/ArchiveIntermediates/App/InstallationBuildProductsLocation

ClangStatCache /Applications/Xcode.app/Contents/Developer/Toolchains/XcodeDefault.xctoolchain/usr/bin/clang-stat-cache /Applications/Xcode.app/Contents/Developer/Platforms/iPhoneOS.platform/Developer/SDKs/iPhoneOS26.2.sdk /Users/home/Library/Developer/Xcode/DerivedData/SDKStatCaches.noindex/iphoneos26.2-23C57-3794476bd08197c3e2abd9bb477ef7f7.sdkstatcache
    cd /Users/home/Websites/petrabaptist/ios/App/App.xcodeproj
    /Applications/Xcode.app/Contents/Developer/Toolchains/XcodeDefault.xctoolchain/usr/bin/clang-stat-cache /Applications/Xcode.app/Contents/Developer/Platforms/iPhoneOS.platform/Developer/SDKs/iPhoneOS26.2.sdk -o /Users/home/Library/Developer/Xcode/DerivedData/SDKStatCaches.noindex/iphoneos26.2-23C57-3794476bd08197c3e2abd9bb477ef7f7.sdkstatcache

CreateBuildDirectory /Users/home/Library/Developer/Xcode/DerivedData/App-flzltcdmtckmrqcuxnypqsjuaodg/Build/Intermediates.noindex/ArchiveIntermediates/App/IntermediateBuildFilesPath
    cd /Users/home/Websites/petrabaptist/ios/App/App.xcodeproj
    builtin-create-build-directory /Users/home/Library/Developer/Xcode/DerivedData/App-flzltcdmtckmrqcuxnypqsjuaodg/Build/Intermediates.noindex/ArchiveIntermediates/App/IntermediateBuildFilesPath

CreateBuildDirectory /Users/home/Library/Developer/Xcode/DerivedData/App-flzltcdmtckmrqcuxnypqsjuaodg/Build/Intermediates.noindex/ArchiveIntermediates/App/BuildProductsPath
    cd /Users/home/Websites/petrabaptist/ios/App/App.xcodeproj
    builtin-create-build-directory /Users/home/Library/Developer/Xcode/DerivedData/App-flzltcdmtckmrqcuxnypqsjuaodg/Build/Intermediates.noindex/ArchiveIntermediates/App/BuildProductsPath

SignatureCollection /Users/home/Library/Developer/Xcode/DerivedData/App-flzltcdmtckmrqcuxnypqsjuaodg/Build/Intermediates.noindex/ArchiveIntermediates/App/BuildProductsPath/Release-iphoneos/Capacitor.xcframework-ios.signature
    cd /Users/home/Websites/petrabaptist/ios/App/App.xcodeproj
    builtin-collectSignature --input /Users/home/Library/Developer/Xcode/DerivedData/App-flzltcdmtckmrqcuxnypqsjuaodg/SourcePackages/artifacts/capacitor-swift-pm/Capacitor/Capacitor.xcframework --output /Users/home/Library/Developer/Xcode/DerivedData/App-flzltcdmtckmrqcuxnypqsjuaodg/Build/Intermediates.noindex/ArchiveIntermediates/App/BuildProductsPath/Release-iphoneos/Capacitor.xcframework-ios.signature --info platform ios --info library Capacitor.framework

SignatureCollection /Users/home/Library/Developer/Xcode/DerivedData/App-flzltcdmtckmrqcuxnypqsjuaodg/Build/Intermediates.noindex/ArchiveIntermediates/App/BuildProductsPath/Release-iphoneos/Cordova.xcframework-ios.signature
    cd /Users/home/Websites/petrabaptist/ios/App/App.xcodeproj
    builtin-collectSignature --input /Users/home/Library/Developer/Xcode/DerivedData/App-flzltcdmtckmrqcuxnypqsjuaodg/SourcePackages/artifacts/capacitor-swift-pm/Cordova/Cordova.xcframework --output /Users/home/Library/Developer/Xcode/DerivedData/App-flzltcdmtckmrqcuxnypqsjuaodg/Build/Intermediates.noindex/ArchiveIntermediates/App/BuildProductsPath/Release-iphoneos/Cordova.xcframework-ios.signature --info platform ios --info library Cordova.framework

WriteAuxiliaryFile /Users/home/Library/Developer/Xcode/DerivedData/App-flzltcdmtckmrqcuxnypqsjuaodg/Build/Intermediates.noindex/ArchiveIntermediates/App/IntermediateBuildFilesPath/App.build/Release-iphoneos/App-0ca3007d900a678c2b4d53418799ee3d-VFS-iphoneos/all-product-headers.yaml
    cd /Users/home/Websites/petrabaptist/ios/App/App.xcodeproj
    write-file /Users/home/Library/Developer/Xcode/DerivedData/App-flzltcdmtckmrqcuxnypqsjuaodg/Build/Intermediates.noindex/ArchiveIntermediates/App/IntermediateBuildFilesPath/App.build/Release-iphoneos/App-0ca3007d900a678c2b4d53418799ee3d-VFS-iphoneos/all-product-headers.yaml

CreateBuildDirectory /Users/home/Library/Developer/Xcode/DerivedData/App-flzltcdmtckmrqcuxnypqsjuaodg/Build/Intermediates.noindex/ArchiveIntermediates/App/IntermediateBuildFilesPath/SwiftExplicitPrecompiledModules
    cd /Users/home/Websites/petrabaptist/ios/App/App.xcodeproj
    builtin-create-build-directory /Users/home/Library/Developer/Xcode/DerivedData/App-flzltcdmtckmrqcuxnypqsjuaodg/Build/Intermediates.noindex/ArchiveIntermediates/App/IntermediateBuildFilesPath/SwiftExplicitPrecompiledModules

CreateBuildDirectory /Users/home/Library/Developer/Xcode/DerivedData/App-flzltcdmtckmrqcuxnypqsjuaodg/Build/Intermediates.noindex/ArchiveIntermediates/App/IntermediateBuildFilesPath/ExplicitPrecompiledModules
    cd /Users/home/Websites/petrabaptist/ios/App/App.xcodeproj
    builtin-create-build-directory /Users/home/Library/Developer/Xcode/DerivedData/App-flzltcdmtckmrqcuxnypqsjuaodg/Build/Intermediates.noindex/ArchiveIntermediates/App/IntermediateBuildFilesPath/ExplicitPrecompiledModules

CreateBuildDirectory /Users/home/Library/Developer/Xcode/DerivedData/App-flzltcdmtckmrqcuxnypqsjuaodg/Build/Intermediates.noindex/ArchiveIntermediates/App/IntermediateBuildFilesPath/EagerLinkingTBDs/Release-iphoneos
    cd /Users/home/Websites/petrabaptist/ios/App/App.xcodeproj
    builtin-create-build-directory /Users/home/Library/Developer/Xcode/DerivedData/App-flzltcdmtckmrqcuxnypqsjuaodg/Build/Intermediates.noindex/ArchiveIntermediates/App/IntermediateBuildFilesPath/EagerLinkingTBDs/Release-iphoneos

CreateBuildDirectory /Users/home/Library/Developer/Xcode/DerivedData/App-flzltcdmtckmrqcuxnypqsjuaodg/Build/Intermediates.noindex/ArchiveIntermediates/App/BuildProductsPath/Release-iphoneos
    cd /Users/home/Websites/petrabaptist/ios/App/App.xcodeproj
    builtin-create-build-directory /Users/home/Library/Developer/Xcode/DerivedData/App-flzltcdmtckmrqcuxnypqsjuaodg/Build/Intermediates.noindex/ArchiveIntermediates/App/BuildProductsPath/Release-iphoneos

CreateBuildDirectory /Users/home/Library/Developer/Xcode/DerivedData/App-flzltcdmtckmrqcuxnypqsjuaodg/Build/Intermediates.noindex/ArchiveIntermediates/App/BuildProductsPath/Release-iphoneos/PackageFrameworks
    cd /Users/home/Websites/petrabaptist/ios/App/App.xcodeproj
    builtin-create-build-directory /Users/home/Library/Developer/Xcode/DerivedData/App-flzltcdmtckmrqcuxnypqsjuaodg/Build/Intermediates.noindex/ArchiveIntermediates/App/BuildProductsPath/Release-iphoneos/PackageFrameworks

ProcessXCFramework /Users/home/Library/Developer/Xcode/DerivedData/App-flzltcdmtckmrqcuxnypqsjuaodg/SourcePackages/artifacts/capacitor-swift-pm/Cordova/Cordova.xcframework /Users/home/Library/Developer/Xcode/DerivedData/App-flzltcdmtckmrqcuxnypqsjuaodg/Build/Intermediates.noindex/ArchiveIntermediates/App/BuildProductsPath/Release-iphoneos/Cordova.framework ios
    cd /Users/home/Websites/petrabaptist/ios/App/App.xcodeproj
    builtin-process-xcframework --xcframework /Users/home/Library/Developer/Xcode/DerivedData/App-flzltcdmtckmrqcuxnypqsjuaodg/SourcePackages/artifacts/capacitor-swift-pm/Cordova/Cordova.xcframework --platform ios --target-path /Users/home/Library/Developer/Xcode/DerivedData/App-flzltcdmtckmrqcuxnypqsjuaodg/Build/Intermediates.noindex/ArchiveIntermediates/App/BuildProductsPath/Release-iphoneos
/Users/home/Library/Developer/Xcode/DerivedData/App-flzltcdmtckmrqcuxnypqsjuaodg/SourcePackages/artifacts/capacitor-swift-pm/Cordova/Cordova.xcframework:1:1: note: The identity of “Cordova.xcframework” is not recorded in your project.

ProcessXCFramework /Users/home/Library/Developer/Xcode/DerivedData/App-flzltcdmtckmrqcuxnypqsjuaodg/SourcePackages/artifacts/capacitor-swift-pm/Capacitor/Capacitor.xcframework /Users/home/Library/Developer/Xcode/DerivedData/App-flzltcdmtckmrqcuxnypqsjuaodg/Build/Intermediates.noindex/ArchiveIntermediates/App/BuildProductsPath/Release-iphoneos/Capacitor.framework ios
    cd /Users/home/Websites/petrabaptist/ios/App/App.xcodeproj
    builtin-process-xcframework --xcframework /Users/home/Library/Developer/Xcode/DerivedData/App-flzltcdmtckmrqcuxnypqsjuaodg/SourcePackages/artifacts/capacitor-swift-pm/Capacitor/Capacitor.xcframework --platform ios --target-path /Users/home/Library/Developer/Xcode/DerivedData/App-flzltcdmtckmrqcuxnypqsjuaodg/Build/Intermediates.noindex/ArchiveIntermediates/App/BuildProductsPath/Release-iphoneos
/Users/home/Library/Developer/Xcode/DerivedData/App-flzltcdmtckmrqcuxnypqsjuaodg/SourcePackages/artifacts/capacitor-swift-pm/Capacitor/Capacitor.xcframework:1:1: note: The identity of “Capacitor.xcframework” is not recorded in your project.

WriteAuxiliaryFile /Users/home/Library/Developer/Xcode/DerivedData/App-flzltcdmtckmrqcuxnypqsjuaodg/Build/Intermediates.noindex/ArchiveIntermediates/App/IntermediateBuildFilesPath/CapacitorSplashScreen.build/Release-iphoneos/SplashScreenPlugin.build/SplashScreenPlugin.modulemap (in target 'SplashScreenPlugin' from project 'CapacitorSplashScreen')
    cd /Users/home/Websites/petrabaptist/node_modules/@capacitor/splash-screen
    write-file /Users/home/Library/Developer/Xcode/DerivedData/App-flzltcdmtckmrqcuxnypqsjuaodg/Build/Intermediates.noindex/ArchiveIntermediates/App/IntermediateBuildFilesPath/CapacitorSplashScreen.build/Release-iphoneos/SplashScreenPlugin.build/SplashScreenPlugin.modulemap

WriteAuxiliaryFile /Users/home/Library/Developer/Xcode/DerivedData/App-flzltcdmtckmrqcuxnypqsjuaodg/Build/Intermediates.noindex/ArchiveIntermediates/App/IntermediateBuildFilesPath/CapacitorSplashScreen.build/Release-iphoneos/SplashScreenPlugin.build/SplashScreenPlugin.DependencyStaticMetadataFileList (in target 'SplashScreenPlugin' from project 'CapacitorSplashScreen')
    cd /Users/home/Websites/petrabaptist/node_modules/@capacitor/splash-screen
    write-file /Users/home/Library/Developer/Xcode/DerivedData/App-flzltcdmtckmrqcuxnypqsjuaodg/Build/Intermediates.noindex/ArchiveIntermediates/App/IntermediateBuildFilesPath/CapacitorSplashScreen.build/Release-iphoneos/SplashScreenPlugin.build/SplashScreenPlugin.DependencyStaticMetadataFileList

WriteAuxiliaryFile /Users/home/Library/Developer/Xcode/DerivedData/App-flzltcdmtckmrqcuxnypqsjuaodg/Build/Intermediates.noindex/ArchiveIntermediates/App/IntermediateBuildFilesPath/CapacitorSplashScreen.build/Release-iphoneos/SplashScreenPlugin.build/SplashScreenPlugin.DependencyMetadataFileList (in target 'SplashScreenPlugin' from project 'CapacitorSplashScreen')
    cd /Users/home/Websites/petrabaptist/node_modules/@capacitor/splash-screen
    write-file /Users/home/Library/Developer/Xcode/DerivedData/App-flzltcdmtckmrqcuxnypqsjuaodg/Build/Intermediates.noindex/ArchiveIntermediates/App/IntermediateBuildFilesPath/CapacitorSplashScreen.build/Release-iphoneos/SplashScreenPlugin.build/SplashScreenPlugin.DependencyMetadataFileList

WriteAuxiliaryFile /Users/home/Library/Developer/Xcode/DerivedData/App-flzltcdmtckmrqcuxnypqsjuaodg/Build/Intermediates.noindex/ArchiveIntermediates/App/IntermediateBuildFilesPath/CapacitorSplashScreen.build/Release-iphoneos/SplashScreenPlugin.build/Objects-normal/arm64/SplashScreenPlugin_const_extract_protocols.json (in target 'SplashScreenPlugin' from project 'CapacitorSplashScreen')
    cd /Users/home/Websites/petrabaptist/node_modules/@capacitor/splash-screen
    write-file /Users/home/Library/Developer/Xcode/DerivedData/App-flzltcdmtckmrqcuxnypqsjuaodg/Build/Intermediates.noindex/ArchiveIntermediates/App/IntermediateBuildFilesPath/CapacitorSplashScreen.build/Release-iphoneos/SplashScreenPlugin.build/Objects-normal/arm64/SplashScreenPlugin_const_extract_protocols.json

WriteAuxiliaryFile /Users/home/Library/Developer/Xcode/DerivedData/App-flzltcdmtckmrqcuxnypqsjuaodg/Build/Intermediates.noindex/ArchiveIntermediates/App/IntermediateBuildFilesPath/CapacitorSplashScreen.build/Release-iphoneos/SplashScreenPlugin.build/Objects-normal/arm64/SplashScreenPlugin.SwiftFileList (in target 'SplashScreenPlugin' from project 'CapacitorSplashScreen')
    cd /Users/home/Websites/petrabaptist/node_modules/@capacitor/splash-screen
    write-file /Users/home/Library/Developer/Xcode/DerivedData/App-flzltcdmtckmrqcuxnypqsjuaodg/Build/Intermediates.noindex/ArchiveIntermediates/App/IntermediateBuildFilesPath/CapacitorSplashScreen.build/Release-iphoneos/SplashScreenPlugin.build/Objects-normal/arm64/SplashScreenPlugin.SwiftFileList

WriteAuxiliaryFile /Users/home/Library/Developer/Xcode/DerivedData/App-flzltcdmtckmrqcuxnypqsjuaodg/Build/Intermediates.noindex/ArchiveIntermediates/App/IntermediateBuildFilesPath/CapacitorSplashScreen.build/Release-iphoneos/SplashScreenPlugin.build/Objects-normal/arm64/SplashScreenPlugin.SwiftConstValuesFileList (in target 'SplashScreenPlugin' from project 'CapacitorSplashScreen')
    cd /Users/home/Websites/petrabaptist/node_modules/@capacitor/splash-screen
    write-file /Users/home/Library/Developer/Xcode/DerivedData/App-flzltcdmtckmrqcuxnypqsjuaodg/Build/Intermediates.noindex/ArchiveIntermediates/App/IntermediateBuildFilesPath/CapacitorSplashScreen.build/Release-iphoneos/SplashScreenPlugin.build/Objects-normal/arm64/SplashScreenPlugin.SwiftConstValuesFileList

WriteAuxiliaryFile /Users/home/Library/Developer/Xcode/DerivedData/App-flzltcdmtckmrqcuxnypqsjuaodg/Build/Intermediates.noindex/ArchiveIntermediates/App/IntermediateBuildFilesPath/CapacitorSplashScreen.build/Release-iphoneos/SplashScreenPlugin.build/Objects-normal/arm64/SplashScreenPlugin.LinkFileList (in target 'SplashScreenPlugin' from project 'CapacitorSplashScreen')
    cd /Users/home/Websites/petrabaptist/node_modules/@capacitor/splash-screen
    write-file /Users/home/Library/Developer/Xcode/DerivedData/App-flzltcdmtckmrqcuxnypqsjuaodg/Build/Intermediates.noindex/ArchiveIntermediates/App/IntermediateBuildFilesPath/CapacitorSplashScreen.build/Release-iphoneos/SplashScreenPlugin.build/Objects-normal/arm64/SplashScreenPlugin.LinkFileList

WriteAuxiliaryFile /Users/home/Library/Developer/Xcode/DerivedData/App-flzltcdmtckmrqcuxnypqsjuaodg/Build/Intermediates.noindex/ArchiveIntermediates/App/IntermediateBuildFilesPath/CapacitorSplashScreen.build/Release-iphoneos/SplashScreenPlugin.build/Objects-normal/arm64/SplashScreenPlugin-OutputFileMap.json (in target 'SplashScreenPlugin' from project 'CapacitorSplashScreen')
    cd /Users/home/Websites/petrabaptist/node_modules/@capacitor/splash-screen
    write-file /Users/home/Library/Developer/Xcode/DerivedData/App-flzltcdmtckmrqcuxnypqsjuaodg/Build/Intermediates.noindex/ArchiveIntermediates/App/IntermediateBuildFilesPath/CapacitorSplashScreen.build/Release-iphoneos/SplashScreenPlugin.build/Objects-normal/arm64/SplashScreenPlugin-OutputFileMap.json

Copy /Users/home/Library/Developer/Xcode/DerivedData/App-flzltcdmtckmrqcuxnypqsjuaodg/Build/Intermediates.noindex/ArchiveIntermediates/App/IntermediateBuildFilesPath/GeneratedModuleMaps-iphoneos/SplashScreenPlugin.modulemap /Users/home/Library/Developer/Xcode/DerivedData/App-flzltcdmtckmrqcuxnypqsjuaodg/Build/Intermediates.noindex/ArchiveIntermediates/App/IntermediateBuildFilesPath/CapacitorSplashScreen.build/Release-iphoneos/SplashScreenPlugin.build/SplashScreenPlugin.modulemap (in target 'SplashScreenPlugin' from project 'CapacitorSplashScreen')
    cd /Users/home/Websites/petrabaptist/node_modules/@capacitor/splash-screen
    builtin-copy -exclude .DS_Store -exclude CVS -exclude .svn -exclude .git -exclude .hg -strip-unsigned-binaries -strip-deterministic -strip-tool /Applications/Xcode.app/Contents/Developer/Toolchains/XcodeDefault.xctoolchain/usr/bin/strip -resolve-src-symlinks /Users/home/Library/Developer/Xcode/DerivedData/App-flzltcdmtckmrqcuxnypqsjuaodg/Build/Intermediates.noindex/ArchiveIntermediates/App/IntermediateBuildFilesPath/CapacitorSplashScreen.build/Release-iphoneos/SplashScreenPlugin.build/SplashScreenPlugin.modulemap /Users/home/Library/Developer/Xcode/DerivedData/App-flzltcdmtckmrqcuxnypqsjuaodg/Build/Intermediates.noindex/ArchiveIntermediates/App/IntermediateBuildFilesPath/GeneratedModuleMaps-iphoneos

WriteAuxiliaryFile /Users/home/Library/Developer/Xcode/DerivedData/App-flzltcdmtckmrqcuxnypqsjuaodg/Build/Intermediates.noindex/ArchiveIntermediates/App/IntermediateBuildFilesPath/CapApp-SPM.build/Release-iphoneos/CapApp-SPM.build/Objects-normal/arm64/CapApp-SPM.SwiftConstValuesFileList (in target 'CapApp-SPM' from project 'CapApp-SPM')
    cd /Users/home/Websites/petrabaptist/ios/App/CapApp-SPM
    write-file /Users/home/Library/Developer/Xcode/DerivedData/App-flzltcdmtckmrqcuxnypqsjuaodg/Build/Intermediates.noindex/ArchiveIntermediates/App/IntermediateBuildFilesPath/CapApp-SPM.build/Release-iphoneos/CapApp-SPM.build/Objects-normal/arm64/CapApp-SPM.SwiftConstValuesFileList

WriteAuxiliaryFile /Users/home/Library/Developer/Xcode/DerivedData/App-flzltcdmtckmrqcuxnypqsjuaodg/Build/Intermediates.noindex/ArchiveIntermediates/App/IntermediateBuildFilesPath/CapApp-SPM.build/Release-iphoneos/CapApp-SPM.build/Objects-normal/arm64/CapApp-SPM.SwiftFileList (in target 'CapApp-SPM' from project 'CapApp-SPM')
    cd /Users/home/Websites/petrabaptist/ios/App/CapApp-SPM
    write-file /Users/home/Library/Developer/Xcode/DerivedData/App-flzltcdmtckmrqcuxnypqsjuaodg/Build/Intermediates.noindex/ArchiveIntermediates/App/IntermediateBuildFilesPath/CapApp-SPM.build/Release-iphoneos/CapApp-SPM.build/Objects-normal/arm64/CapApp-SPM.SwiftFileList

WriteAuxiliaryFile /Users/home/Library/Developer/Xcode/DerivedData/App-flzltcdmtckmrqcuxnypqsjuaodg/Build/Intermediates.noindex/ArchiveIntermediates/App/IntermediateBuildFilesPath/CapApp-SPM.build/Release-iphoneos/CapApp-SPM.build/Objects-normal/arm64/CapApp-SPM_const_extract_protocols.json (in target 'CapApp-SPM' from project 'CapApp-SPM')
    cd /Users/home/Websites/petrabaptist/ios/App/CapApp-SPM
    write-file /Users/home/Library/Developer/Xcode/DerivedData/App-flzltcdmtckmrqcuxnypqsjuaodg/Build/Intermediates.noindex/ArchiveIntermediates/App/IntermediateBuildFilesPath/CapApp-SPM.build/Release-iphoneos/CapApp-SPM.build/Objects-normal/arm64/CapApp-SPM_const_extract_protocols.json

WriteAuxiliaryFile /Users/home/Library/Developer/Xcode/DerivedData/App-flzltcdmtckmrqcuxnypqsjuaodg/Build/Intermediates.noindex/ArchiveIntermediates/App/IntermediateBuildFilesPath/CapApp-SPM.build/Release-iphoneos/CapApp-SPM.build/Objects-normal/arm64/CapApp-SPM.LinkFileList (in target 'CapApp-SPM' from project 'CapApp-SPM')
    cd /Users/home/Websites/petrabaptist/ios/App/CapApp-SPM
    write-file /Users/home/Library/Developer/Xcode/DerivedData/App-flzltcdmtckmrqcuxnypqsjuaodg/Build/Intermediates.noindex/ArchiveIntermediates/App/IntermediateBuildFilesPath/CapApp-SPM.build/Release-iphoneos/CapApp-SPM.build/Objects-normal/arm64/CapApp-SPM.LinkFileList

WriteAuxiliaryFile /Users/home/Library/Developer/Xcode/DerivedData/App-flzltcdmtckmrqcuxnypqsjuaodg/Build/Intermediates.noindex/ArchiveIntermediates/App/IntermediateBuildFilesPath/CapApp-SPM.build/Release-iphoneos/CapApp-SPM.build/Objects-normal/arm64/CapApp-SPM-OutputFileMap.json (in target 'CapApp-SPM' from project 'CapApp-SPM')
    cd /Users/home/Websites/petrabaptist/ios/App/CapApp-SPM
    write-file /Users/home/Library/Developer/Xcode/DerivedData/App-flzltcdmtckmrqcuxnypqsjuaodg/Build/Intermediates.noindex/ArchiveIntermediates/App/IntermediateBuildFilesPath/CapApp-SPM.build/Release-iphoneos/CapApp-SPM.build/Objects-normal/arm64/CapApp-SPM-OutputFileMap.json

WriteAuxiliaryFile /Users/home/Library/Developer/Xcode/DerivedData/App-flzltcdmtckmrqcuxnypqsjuaodg/Build/Intermediates.noindex/ArchiveIntermediates/App/IntermediateBuildFilesPath/CapApp-SPM.build/Release-iphoneos/CapApp-SPM.build/CapApp-SPM.modulemap (in target 'CapApp-SPM' from project 'CapApp-SPM')
    cd /Users/home/Websites/petrabaptist/ios/App/CapApp-SPM
    write-file /Users/home/Library/Developer/Xcode/DerivedData/App-flzltcdmtckmrqcuxnypqsjuaodg/Build/Intermediates.noindex/ArchiveIntermediates/App/IntermediateBuildFilesPath/CapApp-SPM.build/Release-iphoneos/CapApp-SPM.build/CapApp-SPM.modulemap

WriteAuxiliaryFile /Users/home/Library/Developer/Xcode/DerivedData/App-flzltcdmtckmrqcuxnypqsjuaodg/Build/Intermediates.noindex/ArchiveIntermediates/App/IntermediateBuildFilesPath/CapApp-SPM.build/Release-iphoneos/CapApp-SPM.build/CapApp-SPM.DependencyStaticMetadataFileList (in target 'CapApp-SPM' from project 'CapApp-SPM')
    cd /Users/home/Websites/petrabaptist/ios/App/CapApp-SPM
    write-file /Users/home/Library/Developer/Xcode/DerivedData/App-flzltcdmtckmrqcuxnypqsjuaodg/Build/Intermediates.noindex/ArchiveIntermediates/App/IntermediateBuildFilesPath/CapApp-SPM.build/Release-iphoneos/CapApp-SPM.build/CapApp-SPM.DependencyStaticMetadataFileList

WriteAuxiliaryFile /Users/home/Library/Developer/Xcode/DerivedData/App-flzltcdmtckmrqcuxnypqsjuaodg/Build/Intermediates.noindex/ArchiveIntermediates/App/IntermediateBuildFilesPath/CapApp-SPM.build/Release-iphoneos/CapApp-SPM.build/CapApp-SPM.DependencyMetadataFileList (in target 'CapApp-SPM' from project 'CapApp-SPM')
    cd /Users/home/Websites/petrabaptist/ios/App/CapApp-SPM
    write-file /Users/home/Library/Developer/Xcode/DerivedData/App-flzltcdmtckmrqcuxnypqsjuaodg/Build/Intermediates.noindex/ArchiveIntermediates/App/IntermediateBuildFilesPath/CapApp-SPM.build/Release-iphoneos/CapApp-SPM.build/CapApp-SPM.DependencyMetadataFileList

WriteAuxiliaryFile /Users/home/Library/Developer/Xcode/DerivedData/App-flzltcdmtckmrqcuxnypqsjuaodg/Build/Intermediates.noindex/ArchiveIntermediates/App/IntermediateBuildFilesPath/CapacitorCamera.build/Release-iphoneos/CameraPlugin.build/Objects-normal/arm64/CameraPlugin_const_extract_protocols.json (in target 'CameraPlugin' from project 'CapacitorCamera')
    cd /Users/home/Websites/petrabaptist/node_modules/@capacitor/camera
    write-file /Users/home/Library/Developer/Xcode/DerivedData/App-flzltcdmtckmrqcuxnypqsjuaodg/Build/Intermediates.noindex/ArchiveIntermediates/App/IntermediateBuildFilesPath/CapacitorCamera.build/Release-iphoneos/CameraPlugin.build/Objects-normal/arm64/CameraPlugin_const_extract_protocols.json

Copy /Users/home/Library/Developer/Xcode/DerivedData/App-flzltcdmtckmrqcuxnypqsjuaodg/Build/Intermediates.noindex/ArchiveIntermediates/App/IntermediateBuildFilesPath/GeneratedModuleMaps-iphoneos/CapApp-SPM.modulemap /Users/home/Library/Developer/Xcode/DerivedData/App-flzltcdmtckmrqcuxnypqsjuaodg/Build/Intermediates.noindex/ArchiveIntermediates/App/IntermediateBuildFilesPath/CapApp-SPM.build/Release-iphoneos/CapApp-SPM.build/CapApp-SPM.modulemap (in target 'CapApp-SPM' from project 'CapApp-SPM')
    cd /Users/home/Websites/petrabaptist/ios/App/CapApp-SPM
    builtin-copy -exclude .DS_Store -exclude CVS -exclude .svn -exclude .git -exclude .hg -strip-unsigned-binaries -strip-deterministic -strip-tool /Applications/Xcode.app/Contents/Developer/Toolchains/XcodeDefault.xctoolchain/usr/bin/strip -resolve-src-symlinks /Users/home/Library/Developer/Xcode/DerivedData/App-flzltcdmtckmrqcuxnypqsjuaodg/Build/Intermediates.noindex/ArchiveIntermediates/App/IntermediateBuildFilesPath/CapApp-SPM.build/Release-iphoneos/CapApp-SPM.build/CapApp-SPM.modulemap /Users/home/Library/Developer/Xcode/DerivedData/App-flzltcdmtckmrqcuxnypqsjuaodg/Build/Intermediates.noindex/ArchiveIntermediates/App/IntermediateBuildFilesPath/GeneratedModuleMaps-iphoneos

WriteAuxiliaryFile /Users/home/Library/Developer/Xcode/DerivedData/App-flzltcdmtckmrqcuxnypqsjuaodg/Build/Intermediates.noindex/ArchiveIntermediates/App/IntermediateBuildFilesPath/CapacitorCamera.build/Release-iphoneos/CameraPlugin.build/Objects-normal/arm64/CameraPlugin.SwiftFileList (in target 'CameraPlugin' from project 'CapacitorCamera')
    cd /Users/home/Websites/petrabaptist/node_modules/@capacitor/camera
    write-file /Users/home/Library/Developer/Xcode/DerivedData/App-flzltcdmtckmrqcuxnypqsjuaodg/Build/Intermediates.noindex/ArchiveIntermediates/App/IntermediateBuildFilesPath/CapacitorCamera.build/Release-iphoneos/CameraPlugin.build/Objects-normal/arm64/CameraPlugin.SwiftFileList

WriteAuxiliaryFile /Users/home/Library/Developer/Xcode/DerivedData/App-flzltcdmtckmrqcuxnypqsjuaodg/Build/Intermediates.noindex/ArchiveIntermediates/App/IntermediateBuildFilesPath/CapacitorCamera.build/Release-iphoneos/CameraPlugin.build/Objects-normal/arm64/CameraPlugin.SwiftConstValuesFileList (in target 'CameraPlugin' from project 'CapacitorCamera')
    cd /Users/home/Websites/petrabaptist/node_modules/@capacitor/camera
    write-file /Users/home/Library/Developer/Xcode/DerivedData/App-flzltcdmtckmrqcuxnypqsjuaodg/Build/Intermediates.noindex/ArchiveIntermediates/App/IntermediateBuildFilesPath/CapacitorCamera.build/Release-iphoneos/CameraPlugin.build/Objects-normal/arm64/CameraPlugin.SwiftConstValuesFileList

WriteAuxiliaryFile /Users/home/Library/Developer/Xcode/DerivedData/App-flzltcdmtckmrqcuxnypqsjuaodg/Build/Intermediates.noindex/ArchiveIntermediates/App/IntermediateBuildFilesPath/CapacitorCamera.build/Release-iphoneos/CameraPlugin.build/Objects-normal/arm64/CameraPlugin.LinkFileList (in target 'CameraPlugin' from project 'CapacitorCamera')
    cd /Users/home/Websites/petrabaptist/node_modules/@capacitor/camera
    write-file /Users/home/Library/Developer/Xcode/DerivedData/App-flzltcdmtckmrqcuxnypqsjuaodg/Build/Intermediates.noindex/ArchiveIntermediates/App/IntermediateBuildFilesPath/CapacitorCamera.build/Release-iphoneos/CameraPlugin.build/Objects-normal/arm64/CameraPlugin.LinkFileList

WriteAuxiliaryFile /Users/home/Library/Developer/Xcode/DerivedData/App-flzltcdmtckmrqcuxnypqsjuaodg/Build/Intermediates.noindex/ArchiveIntermediates/App/IntermediateBuildFilesPath/CapacitorCamera.build/Release-iphoneos/CameraPlugin.build/Objects-normal/arm64/CameraPlugin-OutputFileMap.json (in target 'CameraPlugin' from project 'CapacitorCamera')
    cd /Users/home/Websites/petrabaptist/node_modules/@capacitor/camera
    write-file /Users/home/Library/Developer/Xcode/DerivedData/App-flzltcdmtckmrqcuxnypqsjuaodg/Build/Intermediates.noindex/ArchiveIntermediates/App/IntermediateBuildFilesPath/CapacitorCamera.build/Release-iphoneos/CameraPlugin.build/Objects-normal/arm64/CameraPlugin-OutputFileMap.json

WriteAuxiliaryFile /Users/home/Library/Developer/Xcode/DerivedData/App-flzltcdmtckmrqcuxnypqsjuaodg/Build/Intermediates.noindex/ArchiveIntermediates/App/IntermediateBuildFilesPath/CapacitorCamera.build/Release-iphoneos/CameraPlugin.build/CameraPlugin.modulemap (in target 'CameraPlugin' from project 'CapacitorCamera')
    cd /Users/home/Websites/petrabaptist/node_modules/@capacitor/camera
    write-file /Users/home/Library/Developer/Xcode/DerivedData/App-flzltcdmtckmrqcuxnypqsjuaodg/Build/Intermediates.noindex/ArchiveIntermediates/App/IntermediateBuildFilesPath/CapacitorCamera.build/Release-iphoneos/CameraPlugin.build/CameraPlugin.modulemap

WriteAuxiliaryFile /Users/home/Library/Developer/Xcode/DerivedData/App-flzltcdmtckmrqcuxnypqsjuaodg/Build/Intermediates.noindex/ArchiveIntermediates/App/IntermediateBuildFilesPath/CapacitorCamera.build/Release-iphoneos/CameraPlugin.build/CameraPlugin.DependencyStaticMetadataFileList (in target 'CameraPlugin' from project 'CapacitorCamera')
    cd /Users/home/Websites/petrabaptist/node_modules/@capacitor/camera
    write-file /Users/home/Library/Developer/Xcode/DerivedData/App-flzltcdmtckmrqcuxnypqsjuaodg/Build/Intermediates.noindex/ArchiveIntermediates/App/IntermediateBuildFilesPath/CapacitorCamera.build/Release-iphoneos/CameraPlugin.build/CameraPlugin.DependencyStaticMetadataFileList

WriteAuxiliaryFile /Users/home/Library/Developer/Xcode/DerivedData/App-flzltcdmtckmrqcuxnypqsjuaodg/Build/Intermediates.noindex/ArchiveIntermediates/App/IntermediateBuildFilesPath/CapacitorCamera.build/Release-iphoneos/CameraPlugin.build/CameraPlugin.DependencyMetadataFileList (in target 'CameraPlugin' from project 'CapacitorCamera')
    cd /Users/home/Websites/petrabaptist/node_modules/@capacitor/camera
    write-file /Users/home/Library/Developer/Xcode/DerivedData/App-flzltcdmtckmrqcuxnypqsjuaodg/Build/Intermediates.noindex/ArchiveIntermediates/App/IntermediateBuildFilesPath/CapacitorCamera.build/Release-iphoneos/CameraPlugin.build/CameraPlugin.DependencyMetadataFileList

SymLink /Users/home/Library/Developer/Xcode/DerivedData/App-flzltcdmtckmrqcuxnypqsjuaodg/Build/Intermediates.noindex/ArchiveIntermediates/App/BuildProductsPath/Release-iphoneos/SplashScreenPlugin.o ../../IntermediateBuildFilesPath/UninstalledProducts/iphoneos/SplashScreenPlugin.o (in target 'SplashScreenPlugin' from project 'CapacitorSplashScreen')
    cd /Users/home/Websites/petrabaptist/node_modules/@capacitor/splash-screen
    /bin/ln -sfh ../../IntermediateBuildFilesPath/UninstalledProducts/iphoneos/SplashScreenPlugin.o /Users/home/Library/Developer/Xcode/DerivedData/App-flzltcdmtckmrqcuxnypqsjuaodg/Build/Intermediates.noindex/ArchiveIntermediates/App/BuildProductsPath/Release-iphoneos/SplashScreenPlugin.o

Copy /Users/home/Library/Developer/Xcode/DerivedData/App-flzltcdmtckmrqcuxnypqsjuaodg/Build/Intermediates.noindex/ArchiveIntermediates/App/IntermediateBuildFilesPath/GeneratedModuleMaps-iphoneos/CameraPlugin.modulemap /Users/home/Library/Developer/Xcode/DerivedData/App-flzltcdmtckmrqcuxnypqsjuaodg/Build/Intermediates.noindex/ArchiveIntermediates/App/IntermediateBuildFilesPath/CapacitorCamera.build/Release-iphoneos/CameraPlugin.build/CameraPlugin.modulemap (in target 'CameraPlugin' from project 'CapacitorCamera')
    cd /Users/home/Websites/petrabaptist/node_modules/@capacitor/camera
    builtin-copy -exclude .DS_Store -exclude CVS -exclude .svn -exclude .git -exclude .hg -strip-unsigned-binaries -strip-deterministic -strip-tool /Applications/Xcode.app/Contents/Developer/Toolchains/XcodeDefault.xctoolchain/usr/bin/strip -resolve-src-symlinks /Users/home/Library/Developer/Xcode/DerivedData/App-flzltcdmtckmrqcuxnypqsjuaodg/Build/Intermediates.noindex/ArchiveIntermediates/App/IntermediateBuildFilesPath/CapacitorCamera.build/Release-iphoneos/CameraPlugin.build/CameraPlugin.modulemap /Users/home/Library/Developer/Xcode/DerivedData/App-flzltcdmtckmrqcuxnypqsjuaodg/Build/Intermediates.noindex/ArchiveIntermediates/App/IntermediateBuildFilesPath/GeneratedModuleMaps-iphoneos

SymLink /Users/home/Library/Developer/Xcode/DerivedData/App-flzltcdmtckmrqcuxnypqsjuaodg/Build/Intermediates.noindex/ArchiveIntermediates/App/BuildProductsPath/Release-iphoneos/CapApp-SPM.o ../../IntermediateBuildFilesPath/UninstalledProducts/iphoneos/CapApp-SPM.o (in target 'CapApp-SPM' from project 'CapApp-SPM')
    cd /Users/home/Websites/petrabaptist/ios/App/CapApp-SPM
    /bin/ln -sfh ../../IntermediateBuildFilesPath/UninstalledProducts/iphoneos/CapApp-SPM.o /Users/home/Library/Developer/Xcode/DerivedData/App-flzltcdmtckmrqcuxnypqsjuaodg/Build/Intermediates.noindex/ArchiveIntermediates/App/BuildProductsPath/Release-iphoneos/CapApp-SPM.o

SymLink /Users/home/Library/Developer/Xcode/DerivedData/App-flzltcdmtckmrqcuxnypqsjuaodg/Build/Intermediates.noindex/ArchiveIntermediates/App/BuildProductsPath/Release-iphoneos/CameraPlugin.o ../../IntermediateBuildFilesPath/UninstalledProducts/iphoneos/CameraPlugin.o (in target 'CameraPlugin' from project 'CapacitorCamera')
    cd /Users/home/Websites/petrabaptist/node_modules/@capacitor/camera
    /bin/ln -sfh ../../IntermediateBuildFilesPath/UninstalledProducts/iphoneos/CameraPlugin.o /Users/home/Library/Developer/Xcode/DerivedData/App-flzltcdmtckmrqcuxnypqsjuaodg/Build/Intermediates.noindex/ArchiveIntermediates/App/BuildProductsPath/Release-iphoneos/CameraPlugin.o

WriteAuxiliaryFile /Users/home/Library/Developer/Xcode/DerivedData/App-flzltcdmtckmrqcuxnypqsjuaodg/Build/Intermediates.noindex/ArchiveIntermediates/App/IntermediateBuildFilesPath/CapacitorBrowser.build/Release-iphoneos/BrowserPlugin.build/Objects-normal/arm64/BrowserPlugin.SwiftConstValuesFileList (in target 'BrowserPlugin' from project 'CapacitorBrowser')
    cd /Users/home/Websites/petrabaptist/node_modules/@capacitor/browser
    write-file /Users/home/Library/Developer/Xcode/DerivedData/App-flzltcdmtckmrqcuxnypqsjuaodg/Build/Intermediates.noindex/ArchiveIntermediates/App/IntermediateBuildFilesPath/CapacitorBrowser.build/Release-iphoneos/BrowserPlugin.build/Objects-normal/arm64/BrowserPlugin.SwiftConstValuesFileList

WriteAuxiliaryFile /Users/home/Library/Developer/Xcode/DerivedData/App-flzltcdmtckmrqcuxnypqsjuaodg/Build/Intermediates.noindex/ArchiveIntermediates/App/IntermediateBuildFilesPath/CapacitorBrowser.build/Release-iphoneos/BrowserPlugin.build/Objects-normal/arm64/BrowserPlugin_const_extract_protocols.json (in target 'BrowserPlugin' from project 'CapacitorBrowser')
    cd /Users/home/Websites/petrabaptist/node_modules/@capacitor/browser
    write-file /Users/home/Library/Developer/Xcode/DerivedData/App-flzltcdmtckmrqcuxnypqsjuaodg/Build/Intermediates.noindex/ArchiveIntermediates/App/IntermediateBuildFilesPath/CapacitorBrowser.build/Release-iphoneos/BrowserPlugin.build/Objects-normal/arm64/BrowserPlugin_const_extract_protocols.json

WriteAuxiliaryFile /Users/home/Library/Developer/Xcode/DerivedData/App-flzltcdmtckmrqcuxnypqsjuaodg/Build/Intermediates.noindex/ArchiveIntermediates/App/IntermediateBuildFilesPath/CapacitorBrowser.build/Release-iphoneos/BrowserPlugin.build/Objects-normal/arm64/BrowserPlugin.SwiftFileList (in target 'BrowserPlugin' from project 'CapacitorBrowser')
    cd /Users/home/Websites/petrabaptist/node_modules/@capacitor/browser
    write-file /Users/home/Library/Developer/Xcode/DerivedData/App-flzltcdmtckmrqcuxnypqsjuaodg/Build/Intermediates.noindex/ArchiveIntermediates/App/IntermediateBuildFilesPath/CapacitorBrowser.build/Release-iphoneos/BrowserPlugin.build/Objects-normal/arm64/BrowserPlugin.SwiftFileList

WriteAuxiliaryFile /Users/home/Library/Developer/Xcode/DerivedData/App-flzltcdmtckmrqcuxnypqsjuaodg/Build/Intermediates.noindex/ArchiveIntermediates/App/IntermediateBuildFilesPath/CapacitorBrowser.build/Release-iphoneos/BrowserPlugin.build/Objects-normal/arm64/BrowserPlugin.LinkFileList (in target 'BrowserPlugin' from project 'CapacitorBrowser')
    cd /Users/home/Websites/petrabaptist/node_modules/@capacitor/browser
    write-file /Users/home/Library/Developer/Xcode/DerivedData/App-flzltcdmtckmrqcuxnypqsjuaodg/Build/Intermediates.noindex/ArchiveIntermediates/App/IntermediateBuildFilesPath/CapacitorBrowser.build/Release-iphoneos/BrowserPlugin.build/Objects-normal/arm64/BrowserPlugin.LinkFileList

WriteAuxiliaryFile /Users/home/Library/Developer/Xcode/DerivedData/App-flzltcdmtckmrqcuxnypqsjuaodg/Build/Intermediates.noindex/ArchiveIntermediates/App/IntermediateBuildFilesPath/CapacitorBrowser.build/Release-iphoneos/BrowserPlugin.build/Objects-normal/arm64/BrowserPlugin-OutputFileMap.json (in target 'BrowserPlugin' from project 'CapacitorBrowser')
    cd /Users/home/Websites/petrabaptist/node_modules/@capacitor/browser
    write-file /Users/home/Library/Developer/Xcode/DerivedData/App-flzltcdmtckmrqcuxnypqsjuaodg/Build/Intermediates.noindex/ArchiveIntermediates/App/IntermediateBuildFilesPath/CapacitorBrowser.build/Release-iphoneos/BrowserPlugin.build/Objects-normal/arm64/BrowserPlugin-OutputFileMap.json

WriteAuxiliaryFile /Users/home/Library/Developer/Xcode/DerivedData/App-flzltcdmtckmrqcuxnypqsjuaodg/Build/Intermediates.noindex/ArchiveIntermediates/App/IntermediateBuildFilesPath/CapacitorBrowser.build/Release-iphoneos/BrowserPlugin.build/BrowserPlugin.modulemap (in target 'BrowserPlugin' from project 'CapacitorBrowser')
    cd /Users/home/Websites/petrabaptist/node_modules/@capacitor/browser
    write-file /Users/home/Library/Developer/Xcode/DerivedData/App-flzltcdmtckmrqcuxnypqsjuaodg/Build/Intermediates.noindex/ArchiveIntermediates/App/IntermediateBuildFilesPath/CapacitorBrowser.build/Release-iphoneos/BrowserPlugin.build/BrowserPlugin.modulemap

WriteAuxiliaryFile /Users/home/Library/Developer/Xcode/DerivedData/App-flzltcdmtckmrqcuxnypqsjuaodg/Build/Intermediates.noindex/ArchiveIntermediates/App/IntermediateBuildFilesPath/CapacitorBrowser.build/Release-iphoneos/BrowserPlugin.build/BrowserPlugin.DependencyStaticMetadataFileList (in target 'BrowserPlugin' from project 'CapacitorBrowser')
    cd /Users/home/Websites/petrabaptist/node_modules/@capacitor/browser
    write-file /Users/home/Library/Developer/Xcode/DerivedData/App-flzltcdmtckmrqcuxnypqsjuaodg/Build/Intermediates.noindex/ArchiveIntermediates/App/IntermediateBuildFilesPath/CapacitorBrowser.build/Release-iphoneos/BrowserPlugin.build/BrowserPlugin.DependencyStaticMetadataFileList

WriteAuxiliaryFile /Users/home/Library/Developer/Xcode/DerivedData/App-flzltcdmtckmrqcuxnypqsjuaodg/Build/Intermediates.noindex/ArchiveIntermediates/App/IntermediateBuildFilesPath/CapacitorBrowser.build/Release-iphoneos/BrowserPlugin.build/BrowserPlugin.DependencyMetadataFileList (in target 'BrowserPlugin' from project 'CapacitorBrowser')
    cd /Users/home/Websites/petrabaptist/node_modules/@capacitor/browser
    write-file /Users/home/Library/Developer/Xcode/DerivedData/App-flzltcdmtckmrqcuxnypqsjuaodg/Build/Intermediates.noindex/ArchiveIntermediates/App/IntermediateBuildFilesPath/CapacitorBrowser.build/Release-iphoneos/BrowserPlugin.build/BrowserPlugin.DependencyMetadataFileList

Copy /Users/home/Library/Developer/Xcode/DerivedData/App-flzltcdmtckmrqcuxnypqsjuaodg/Build/Intermediates.noindex/ArchiveIntermediates/App/IntermediateBuildFilesPath/GeneratedModuleMaps-iphoneos/BrowserPlugin.modulemap /Users/home/Library/Developer/Xcode/DerivedData/App-flzltcdmtckmrqcuxnypqsjuaodg/Build/Intermediates.noindex/ArchiveIntermediates/App/IntermediateBuildFilesPath/CapacitorBrowser.build/Release-iphoneos/BrowserPlugin.build/BrowserPlugin.modulemap (in target 'BrowserPlugin' from project 'CapacitorBrowser')
    cd /Users/home/Websites/petrabaptist/node_modules/@capacitor/browser
    builtin-copy -exclude .DS_Store -exclude CVS -exclude .svn -exclude .git -exclude .hg -strip-unsigned-binaries -strip-deterministic -strip-tool /Applications/Xcode.app/Contents/Developer/Toolchains/XcodeDefault.xctoolchain/usr/bin/strip -resolve-src-symlinks /Users/home/Library/Developer/Xcode/DerivedData/App-flzltcdmtckmrqcuxnypqsjuaodg/Build/Intermediates.noindex/ArchiveIntermediates/App/IntermediateBuildFilesPath/CapacitorBrowser.build/Release-iphoneos/BrowserPlugin.build/BrowserPlugin.modulemap /Users/home/Library/Developer/Xcode/DerivedData/App-flzltcdmtckmrqcuxnypqsjuaodg/Build/Intermediates.noindex/ArchiveIntermediates/App/IntermediateBuildFilesPath/GeneratedModuleMaps-iphoneos

SymLink /Users/home/Library/Developer/Xcode/DerivedData/App-flzltcdmtckmrqcuxnypqsjuaodg/Build/Intermediates.noindex/ArchiveIntermediates/App/BuildProductsPath/Release-iphoneos/BrowserPlugin.o ../../IntermediateBuildFilesPath/UninstalledProducts/iphoneos/BrowserPlugin.o (in target 'BrowserPlugin' from project 'CapacitorBrowser')
    cd /Users/home/Websites/petrabaptist/node_modules/@capacitor/browser
    /bin/ln -sfh ../../IntermediateBuildFilesPath/UninstalledProducts/iphoneos/BrowserPlugin.o /Users/home/Library/Developer/Xcode/DerivedData/App-flzltcdmtckmrqcuxnypqsjuaodg/Build/Intermediates.noindex/ArchiveIntermediates/App/BuildProductsPath/Release-iphoneos/BrowserPlugin.o

WriteAuxiliaryFile /Users/home/Library/Developer/Xcode/DerivedData/App-flzltcdmtckmrqcuxnypqsjuaodg/Build/Intermediates.noindex/ArchiveIntermediates/App/IntermediateBuildFilesPath/App.build/Release-iphoneos/App.build/Objects-normal/arm64/App.SwiftFileList (in target 'App' from project 'App')
    cd /Users/home/Websites/petrabaptist/ios/App
    write-file /Users/home/Library/Developer/Xcode/DerivedData/App-flzltcdmtckmrqcuxnypqsjuaodg/Build/Intermediates.noindex/ArchiveIntermediates/App/IntermediateBuildFilesPath/App.build/Release-iphoneos/App.build/Objects-normal/arm64/App.SwiftFileList

WriteAuxiliaryFile /Users/home/Library/Developer/Xcode/DerivedData/App-flzltcdmtckmrqcuxnypqsjuaodg/Build/Intermediates.noindex/ArchiveIntermediates/App/IntermediateBuildFilesPath/App.build/Release-iphoneos/App.build/Objects-normal/arm64/App_const_extract_protocols.json (in target 'App' from project 'App')
    cd /Users/home/Websites/petrabaptist/ios/App
    write-file /Users/home/Library/Developer/Xcode/DerivedData/App-flzltcdmtckmrqcuxnypqsjuaodg/Build/Intermediates.noindex/ArchiveIntermediates/App/IntermediateBuildFilesPath/App.build/Release-iphoneos/App.build/Objects-normal/arm64/App_const_extract_protocols.json

WriteAuxiliaryFile /Users/home/Library/Developer/Xcode/DerivedData/App-flzltcdmtckmrqcuxnypqsjuaodg/Build/Intermediates.noindex/ArchiveIntermediates/App/IntermediateBuildFilesPath/App.build/Release-iphoneos/App.build/Objects-normal/arm64/App.SwiftConstValuesFileList (in target 'App' from project 'App')
    cd /Users/home/Websites/petrabaptist/ios/App
    write-file /Users/home/Library/Developer/Xcode/DerivedData/App-flzltcdmtckmrqcuxnypqsjuaodg/Build/Intermediates.noindex/ArchiveIntermediates/App/IntermediateBuildFilesPath/App.build/Release-iphoneos/App.build/Objects-normal/arm64/App.SwiftConstValuesFileList

WriteAuxiliaryFile /Users/home/Library/Developer/Xcode/DerivedData/App-flzltcdmtckmrqcuxnypqsjuaodg/Build/Intermediates.noindex/ArchiveIntermediates/App/IntermediateBuildFilesPath/App.build/Release-iphoneos/App.build/Objects-normal/arm64/App.LinkFileList (in target 'App' from project 'App')
    cd /Users/home/Websites/petrabaptist/ios/App
    write-file /Users/home/Library/Developer/Xcode/DerivedData/App-flzltcdmtckmrqcuxnypqsjuaodg/Build/Intermediates.noindex/ArchiveIntermediates/App/IntermediateBuildFilesPath/App.build/Release-iphoneos/App.build/Objects-normal/arm64/App.LinkFileList

WriteAuxiliaryFile /Users/home/Library/Developer/Xcode/DerivedData/App-flzltcdmtckmrqcuxnypqsjuaodg/Build/Intermediates.noindex/ArchiveIntermediates/App/IntermediateBuildFilesPath/App.build/Release-iphoneos/App.build/Objects-normal/arm64/App-OutputFileMap.json (in target 'App' from project 'App')
    cd /Users/home/Websites/petrabaptist/ios/App
    write-file /Users/home/Library/Developer/Xcode/DerivedData/App-flzltcdmtckmrqcuxnypqsjuaodg/Build/Intermediates.noindex/ArchiveIntermediates/App/IntermediateBuildFilesPath/App.build/Release-iphoneos/App.build/Objects-normal/arm64/App-OutputFileMap.json

WriteAuxiliaryFile /Users/home/Library/Developer/Xcode/DerivedData/App-flzltcdmtckmrqcuxnypqsjuaodg/Build/Intermediates.noindex/ArchiveIntermediates/App/IntermediateBuildFilesPath/App.build/Release-iphoneos/App.build/DerivedSources/Entitlements.plist (in target 'App' from project 'App')
    cd /Users/home/Websites/petrabaptist/ios/App
    write-file /Users/home/Library/Developer/Xcode/DerivedData/App-flzltcdmtckmrqcuxnypqsjuaodg/Build/Intermediates.noindex/ArchiveIntermediates/App/IntermediateBuildFilesPath/App.build/Release-iphoneos/App.build/DerivedSources/Entitlements.plist

WriteAuxiliaryFile /Users/home/Library/Developer/Xcode/DerivedData/App-flzltcdmtckmrqcuxnypqsjuaodg/Build/Intermediates.noindex/ArchiveIntermediates/App/IntermediateBuildFilesPath/App.build/Release-iphoneos/App.build/App.hmap (in target 'App' from project 'App')
    cd /Users/home/Websites/petrabaptist/ios/App
    write-file /Users/home/Library/Developer/Xcode/DerivedData/App-flzltcdmtckmrqcuxnypqsjuaodg/Build/Intermediates.noindex/ArchiveIntermediates/App/IntermediateBuildFilesPath/App.build/Release-iphoneos/App.build/App.hmap

WriteAuxiliaryFile /Users/home/Library/Developer/Xcode/DerivedData/App-flzltcdmtckmrqcuxnypqsjuaodg/Build/Intermediates.noindex/ArchiveIntermediates/App/IntermediateBuildFilesPath/App.build/Release-iphoneos/App.build/App.DependencyStaticMetadataFileList (in target 'App' from project 'App')
    cd /Users/home/Websites/petrabaptist/ios/App
    write-file /Users/home/Library/Developer/Xcode/DerivedData/App-flzltcdmtckmrqcuxnypqsjuaodg/Build/Intermediates.noindex/ArchiveIntermediates/App/IntermediateBuildFilesPath/App.build/Release-iphoneos/App.build/App.DependencyStaticMetadataFileList

WriteAuxiliaryFile /Users/home/Library/Developer/Xcode/DerivedData/App-flzltcdmtckmrqcuxnypqsjuaodg/Build/Intermediates.noindex/ArchiveIntermediates/App/IntermediateBuildFilesPath/App.build/Release-iphoneos/App.build/App-project-headers.hmap (in target 'App' from project 'App')
    cd /Users/home/Websites/petrabaptist/ios/App
    write-file /Users/home/Library/Developer/Xcode/DerivedData/App-flzltcdmtckmrqcuxnypqsjuaodg/Build/Intermediates.noindex/ArchiveIntermediates/App/IntermediateBuildFilesPath/App.build/Release-iphoneos/App.build/App-project-headers.hmap

WriteAuxiliaryFile /Users/home/Library/Developer/Xcode/DerivedData/App-flzltcdmtckmrqcuxnypqsjuaodg/Build/Intermediates.noindex/ArchiveIntermediates/App/IntermediateBuildFilesPath/App.build/Release-iphoneos/App.build/App.DependencyMetadataFileList (in target 'App' from project 'App')
    cd /Users/home/Websites/petrabaptist/ios/App
    write-file /Users/home/Library/Developer/Xcode/DerivedData/App-flzltcdmtckmrqcuxnypqsjuaodg/Build/Intermediates.noindex/ArchiveIntermediates/App/IntermediateBuildFilesPath/App.build/Release-iphoneos/App.build/App.DependencyMetadataFileList

WriteAuxiliaryFile /Users/home/Library/Developer/Xcode/DerivedData/App-flzltcdmtckmrqcuxnypqsjuaodg/Build/Intermediates.noindex/ArchiveIntermediates/App/IntermediateBuildFilesPath/App.build/Release-iphoneos/App.build/App-own-target-headers.hmap (in target 'App' from project 'App')
    cd /Users/home/Websites/petrabaptist/ios/App
    write-file /Users/home/Library/Developer/Xcode/DerivedData/App-flzltcdmtckmrqcuxnypqsjuaodg/Build/Intermediates.noindex/ArchiveIntermediates/App/IntermediateBuildFilesPath/App.build/Release-iphoneos/App.build/App-own-target-headers.hmap

WriteAuxiliaryFile /Users/home/Library/Developer/Xcode/DerivedData/App-flzltcdmtckmrqcuxnypqsjuaodg/Build/Intermediates.noindex/ArchiveIntermediates/App/IntermediateBuildFilesPath/App.build/Release-iphoneos/App.build/App-generated-files.hmap (in target 'App' from project 'App')
    cd /Users/home/Websites/petrabaptist/ios/App
    write-file /Users/home/Library/Developer/Xcode/DerivedData/App-flzltcdmtckmrqcuxnypqsjuaodg/Build/Intermediates.noindex/ArchiveIntermediates/App/IntermediateBuildFilesPath/App.build/Release-iphoneos/App.build/App-generated-files.hmap

WriteAuxiliaryFile /Users/home/Library/Developer/Xcode/DerivedData/App-flzltcdmtckmrqcuxnypqsjuaodg/Build/Intermediates.noindex/ArchiveIntermediates/App/IntermediateBuildFilesPath/App.build/Release-iphoneos/App.build/App-all-target-headers.hmap (in target 'App' from project 'App')
    cd /Users/home/Websites/petrabaptist/ios/App
    write-file /Users/home/Library/Developer/Xcode/DerivedData/App-flzltcdmtckmrqcuxnypqsjuaodg/Build/Intermediates.noindex/ArchiveIntermediates/App/IntermediateBuildFilesPath/App.build/Release-iphoneos/App.build/App-all-target-headers.hmap

WriteAuxiliaryFile /Users/home/Library/Developer/Xcode/DerivedData/App-flzltcdmtckmrqcuxnypqsjuaodg/Build/Intermediates.noindex/ArchiveIntermediates/App/IntermediateBuildFilesPath/App.build/Release-iphoneos/App.build/App-all-non-framework-target-headers.hmap (in target 'App' from project 'App')
    cd /Users/home/Websites/petrabaptist/ios/App
    write-file /Users/home/Library/Developer/Xcode/DerivedData/App-flzltcdmtckmrqcuxnypqsjuaodg/Build/Intermediates.noindex/ArchiveIntermediates/App/IntermediateBuildFilesPath/App.build/Release-iphoneos/App.build/App-all-non-framework-target-headers.hmap

SymLink /Users/home/Library/Developer/Xcode/DerivedData/App-flzltcdmtckmrqcuxnypqsjuaodg/Build/Intermediates.noindex/ArchiveIntermediates/App/BuildProductsPath/Release-iphoneos/App.app ../../InstallationBuildProductsLocation/Applications/App.app (in target 'App' from project 'App')
    cd /Users/home/Websites/petrabaptist/ios/App
    /bin/ln -sfh ../../InstallationBuildProductsLocation/Applications/App.app /Users/home/Library/Developer/Xcode/DerivedData/App-flzltcdmtckmrqcuxnypqsjuaodg/Build/Intermediates.noindex/ArchiveIntermediates/App/BuildProductsPath/Release-iphoneos/App.app

MkDir /Users/home/Library/Developer/Xcode/DerivedData/App-flzltcdmtckmrqcuxnypqsjuaodg/Build/Intermediates.noindex/ArchiveIntermediates/App/InstallationBuildProductsLocation/Applications/App.app/Frameworks (in target 'App' from project 'App')
    cd /Users/home/Websites/petrabaptist/ios/App
    /bin/mkdir -p /Users/home/Library/Developer/Xcode/DerivedData/App-flzltcdmtckmrqcuxnypqsjuaodg/Build/Intermediates.noindex/ArchiveIntermediates/App/InstallationBuildProductsLocation/Applications/App.app/Frameworks

MkDir /Users/home/Library/Developer/Xcode/DerivedData/App-flzltcdmtckmrqcuxnypqsjuaodg/Build/Intermediates.noindex/ArchiveIntermediates/App/InstallationBuildProductsLocation/Applications/App.app (in target 'App' from project 'App')
    cd /Users/home/Websites/petrabaptist/ios/App
    /bin/mkdir -p /Users/home/Library/Developer/Xcode/DerivedData/App-flzltcdmtckmrqcuxnypqsjuaodg/Build/Intermediates.noindex/ArchiveIntermediates/App/InstallationBuildProductsLocation/Applications/App.app

SwiftDriver SplashScreenPlugin normal arm64 com.apple.xcode.tools.swift.compiler (in target 'SplashScreenPlugin' from project 'CapacitorSplashScreen')
    cd /Users/home/Websites/petrabaptist/ios/App/App.xcodeproj
    builtin-SwiftDriver -- /Applications/Xcode.app/Contents/Developer/Toolchains/XcodeDefault.xctoolchain/usr/bin/swiftc -module-name SplashScreenPlugin -O -whole-module-optimization -enforce-exclusivity\=checked @/Users/home/Library/Developer/Xcode/DerivedData/App-flzltcdmtckmrqcuxnypqsjuaodg/Build/Intermediates.noindex/ArchiveIntermediates/App/IntermediateBuildFilesPath/CapacitorSplashScreen.build/Release-iphoneos/SplashScreenPlugin.build/Objects-normal/arm64/SplashScreenPlugin.SwiftFileList -DSWIFT_PACKAGE -DSWIFT_MODULE_RESOURCE_BUNDLE_UNAVAILABLE -DXcode -plugin-path /Applications/Xcode.app/Contents/Developer/Toolchains/XcodeDefault.xctoolchain/usr/lib/swift/host/plugins/testing -enable-experimental-feature DebugDescriptionMacro -sdk /Applications/Xcode.app/Contents/Developer/Platforms/iPhoneOS.platform/Developer/SDKs/iPhoneOS26.2.sdk -target arm64-apple-ios15.0 -g -module-cache-path /Users/home/Library/Developer/Xcode/DerivedData/ModuleCache.noindex -Xfrontend -serialize-debugging-options -suppress-warnings -swift-version 5 -I /Users/home/Library/Developer/Xcode/DerivedData/App-flzltcdmtckmrqcuxnypqsjuaodg/Build/Intermediates.noindex/ArchiveIntermediates/App/BuildProductsPath/Release-iphoneos -Isystem /Applications/Xcode.app/Contents/Developer/Platforms/iPhoneOS.platform/Developer/usr/lib -F /Users/home/Library/Developer/Xcode/DerivedData/App-flzltcdmtckmrqcuxnypqsjuaodg/Build/Intermediates.noindex/ArchiveIntermediates/App/BuildProductsPath/Release-iphoneos -F /Applications/Xcode.app/Contents/Developer/Platforms/iPhoneOS.platform/Developer/Library/Frameworks -F /Applications/Xcode.app/Contents/Developer/Platforms/iPhoneOS.platform/Developer/SDKs/iPhoneOS26.2.sdk/Developer/Library/Frameworks -c -num-threads 4 -Xcc -ivfsstatcache -Xcc /Users/home/Library/Developer/Xcode/DerivedData/SDKStatCaches.noindex/iphoneos26.2-23C57-3794476bd08197c3e2abd9bb477ef7f7.sdkstatcache -output-file-map /Users/home/Library/Developer/Xcode/DerivedData/App-flzltcdmtckmrqcuxnypqsjuaodg/Build/Intermediates.noindex/ArchiveIntermediates/App/IntermediateBuildFilesPath/CapacitorSplashScreen.build/Release-iphoneos/SplashScreenPlugin.build/Objects-normal/arm64/SplashScreenPlugin-OutputFileMap.json -use-frontend-parseable-output -save-temps -no-color-diagnostics -explicit-module-build -module-cache-path /Users/home/Library/Developer/Xcode/DerivedData/App-flzltcdmtckmrqcuxnypqsjuaodg/Build/Intermediates.noindex/ArchiveIntermediates/App/IntermediateBuildFilesPath/SwiftExplicitPrecompiledModules -clang-scanner-module-cache-path /Users/home/Library/Developer/Xcode/DerivedData/ModuleCache.noindex -sdk-module-cache-path /Users/home/Library/Developer/Xcode/DerivedData/ModuleCache.noindex -serialize-diagnostics -emit-dependencies -emit-module -emit-module-path /Users/home/Library/Developer/Xcode/DerivedData/App-flzltcdmtckmrqcuxnypqsjuaodg/Build/Intermediates.noindex/ArchiveIntermediates/App/IntermediateBuildFilesPath/CapacitorSplashScreen.build/Release-iphoneos/SplashScreenPlugin.build/Objects-normal/arm64/SplashScreenPlugin.swiftmodule -validate-clang-modules-once -clang-build-session-file /Users/home/Library/Developer/Xcode/DerivedData/ModuleCache.noindex/Session.modulevalidation -package-name splash_screen -Xcc -I/Users/home/Library/Developer/Xcode/DerivedData/App-flzltcdmtckmrqcuxnypqsjuaodg/Build/Intermediates.noindex/ArchiveIntermediates/App/IntermediateBuildFilesPath/CapacitorSplashScreen.build/Release-iphoneos/SplashScreenPlugin.build/swift-overrides.hmap -emit-const-values -Xfrontend -const-gather-protocols-file -Xfrontend /Users/home/Library/Developer/Xcode/DerivedData/App-flzltcdmtckmrqcuxnypqsjuaodg/Build/Intermediates.noindex/ArchiveIntermediates/App/IntermediateBuildFilesPath/CapacitorSplashScreen.build/Release-iphoneos/SplashScreenPlugin.build/Objects-normal/arm64/SplashScreenPlugin_const_extract_protocols.json -Xcc -I/Users/home/Library/Developer/Xcode/DerivedData/App-flzltcdmtckmrqcuxnypqsjuaodg/Build/Intermediates.noindex/ArchiveIntermediates/App/BuildProductsPath/Release-iphoneos/include -Xcc -I/Users/home/Library/Developer/Xcode/DerivedData/App-flzltcdmtckmrqcuxnypqsjuaodg/Build/Intermediates.noindex/ArchiveIntermediates/App/IntermediateBuildFilesPath/CapacitorSplashScreen.build/Release-iphoneos/SplashScreenPlugin.build/DerivedSources-normal/arm64 -Xcc -I/Users/home/Library/Developer/Xcode/DerivedData/App-flzltcdmtckmrqcuxnypqsjuaodg/Build/Intermediates.noindex/ArchiveIntermediates/App/IntermediateBuildFilesPath/CapacitorSplashScreen.build/Release-iphoneos/SplashScreenPlugin.build/DerivedSources/arm64 -Xcc -I/Users/home/Library/Developer/Xcode/DerivedData/App-flzltcdmtckmrqcuxnypqsjuaodg/Build/Intermediates.noindex/ArchiveIntermediates/App/IntermediateBuildFilesPath/CapacitorSplashScreen.build/Release-iphoneos/SplashScreenPlugin.build/DerivedSources -Xcc -DSWIFT_PACKAGE -emit-objc-header -emit-objc-header-path /Users/home/Library/Developer/Xcode/DerivedData/App-flzltcdmtckmrqcuxnypqsjuaodg/Build/Intermediates.noindex/ArchiveIntermediates/App/IntermediateBuildFilesPath/CapacitorSplashScreen.build/Release-iphoneos/SplashScreenPlugin.build/Objects-normal/arm64/SplashScreenPlugin-Swift.h -working-directory /Users/home/Websites/petrabaptist/ios/App/App.xcodeproj -no-emit-module-separately-wmo

SwiftDriver CameraPlugin normal arm64 com.apple.xcode.tools.swift.compiler (in target 'CameraPlugin' from project 'CapacitorCamera')
    cd /Users/home/Websites/petrabaptist/ios/App/App.xcodeproj
    builtin-SwiftDriver -- /Applications/Xcode.app/Contents/Developer/Toolchains/XcodeDefault.xctoolchain/usr/bin/swiftc -module-name CameraPlugin -O -whole-module-optimization -enforce-exclusivity\=checked @/Users/home/Library/Developer/Xcode/DerivedData/App-flzltcdmtckmrqcuxnypqsjuaodg/Build/Intermediates.noindex/ArchiveIntermediates/App/IntermediateBuildFilesPath/CapacitorCamera.build/Release-iphoneos/CameraPlugin.build/Objects-normal/arm64/CameraPlugin.SwiftFileList -DSWIFT_PACKAGE -DSWIFT_MODULE_RESOURCE_BUNDLE_UNAVAILABLE -DXcode -plugin-path /Applications/Xcode.app/Contents/Developer/Toolchains/XcodeDefault.xctoolchain/usr/lib/swift/host/plugins/testing -enable-experimental-feature DebugDescriptionMacro -sdk /Applications/Xcode.app/Contents/Developer/Platforms/iPhoneOS.platform/Developer/SDKs/iPhoneOS26.2.sdk -target arm64-apple-ios15.0 -g -module-cache-path /Users/home/Library/Developer/Xcode/DerivedData/ModuleCache.noindex -Xfrontend -serialize-debugging-options -suppress-warnings -swift-version 5 -I /Users/home/Library/Developer/Xcode/DerivedData/App-flzltcdmtckmrqcuxnypqsjuaodg/Build/Intermediates.noindex/ArchiveIntermediates/App/BuildProductsPath/Release-iphoneos -Isystem /Applications/Xcode.app/Contents/Developer/Platforms/iPhoneOS.platform/Developer/usr/lib -F /Users/home/Library/Developer/Xcode/DerivedData/App-flzltcdmtckmrqcuxnypqsjuaodg/Build/Intermediates.noindex/ArchiveIntermediates/App/BuildProductsPath/Release-iphoneos -F /Applications/Xcode.app/Contents/Developer/Platforms/iPhoneOS.platform/Developer/Library/Frameworks -F /Applications/Xcode.app/Contents/Developer/Platforms/iPhoneOS.platform/Developer/SDKs/iPhoneOS26.2.sdk/Developer/Library/Frameworks -c -num-threads 4 -Xcc -ivfsstatcache -Xcc /Users/home/Library/Developer/Xcode/DerivedData/SDKStatCaches.noindex/iphoneos26.2-23C57-3794476bd08197c3e2abd9bb477ef7f7.sdkstatcache -output-file-map /Users/home/Library/Developer/Xcode/DerivedData/App-flzltcdmtckmrqcuxnypqsjuaodg/Build/Intermediates.noindex/ArchiveIntermediates/App/IntermediateBuildFilesPath/CapacitorCamera.build/Release-iphoneos/CameraPlugin.build/Objects-normal/arm64/CameraPlugin-OutputFileMap.json -use-frontend-parseable-output -save-temps -no-color-diagnostics -explicit-module-build -module-cache-path /Users/home/Library/Developer/Xcode/DerivedData/App-flzltcdmtckmrqcuxnypqsjuaodg/Build/Intermediates.noindex/ArchiveIntermediates/App/IntermediateBuildFilesPath/SwiftExplicitPrecompiledModules -clang-scanner-module-cache-path /Users/home/Library/Developer/Xcode/DerivedData/ModuleCache.noindex -sdk-module-cache-path /Users/home/Library/Developer/Xcode/DerivedData/ModuleCache.noindex -serialize-diagnostics -emit-dependencies -emit-module -emit-module-path /Users/home/Library/Developer/Xcode/DerivedData/App-flzltcdmtckmrqcuxnypqsjuaodg/Build/Intermediates.noindex/ArchiveIntermediates/App/IntermediateBuildFilesPath/CapacitorCamera.build/Release-iphoneos/CameraPlugin.build/Objects-normal/arm64/CameraPlugin.swiftmodule -validate-clang-modules-once -clang-build-session-file /Users/home/Library/Developer/Xcode/DerivedData/ModuleCache.noindex/Session.modulevalidation -package-name camera -Xcc -I/Users/home/Library/Developer/Xcode/DerivedData/App-flzltcdmtckmrqcuxnypqsjuaodg/Build/Intermediates.noindex/ArchiveIntermediates/App/IntermediateBuildFilesPath/CapacitorCamera.build/Release-iphoneos/CameraPlugin.build/swift-overrides.hmap -emit-const-values -Xfrontend -const-gather-protocols-file -Xfrontend /Users/home/Library/Developer/Xcode/DerivedData/App-flzltcdmtckmrqcuxnypqsjuaodg/Build/Intermediates.noindex/ArchiveIntermediates/App/IntermediateBuildFilesPath/CapacitorCamera.build/Release-iphoneos/CameraPlugin.build/Objects-normal/arm64/CameraPlugin_const_extract_protocols.json -Xcc -I/Users/home/Library/Developer/Xcode/DerivedData/App-flzltcdmtckmrqcuxnypqsjuaodg/Build/Intermediates.noindex/ArchiveIntermediates/App/BuildProductsPath/Release-iphoneos/include -Xcc -I/Users/home/Library/Developer/Xcode/DerivedData/App-flzltcdmtckmrqcuxnypqsjuaodg/Build/Intermediates.noindex/ArchiveIntermediates/App/IntermediateBuildFilesPath/CapacitorCamera.build/Release-iphoneos/CameraPlugin.build/DerivedSources-normal/arm64 -Xcc -I/Users/home/Library/Developer/Xcode/DerivedData/App-flzltcdmtckmrqcuxnypqsjuaodg/Build/Intermediates.noindex/ArchiveIntermediates/App/IntermediateBuildFilesPath/CapacitorCamera.build/Release-iphoneos/CameraPlugin.build/DerivedSources/arm64 -Xcc -I/Users/home/Library/Developer/Xcode/DerivedData/App-flzltcdmtckmrqcuxnypqsjuaodg/Build/Intermediates.noindex/ArchiveIntermediates/App/IntermediateBuildFilesPath/CapacitorCamera.build/Release-iphoneos/CameraPlugin.build/DerivedSources -Xcc -DSWIFT_PACKAGE -emit-objc-header -emit-objc-header-path /Users/home/Library/Developer/Xcode/DerivedData/App-flzltcdmtckmrqcuxnypqsjuaodg/Build/Intermediates.noindex/ArchiveIntermediates/App/IntermediateBuildFilesPath/CapacitorCamera.build/Release-iphoneos/CameraPlugin.build/Objects-normal/arm64/CameraPlugin-Swift.h -working-directory /Users/home/Websites/petrabaptist/ios/App/App.xcodeproj -no-emit-module-separately-wmo

SwiftDriver BrowserPlugin normal arm64 com.apple.xcode.tools.swift.compiler (in target 'BrowserPlugin' from project 'CapacitorBrowser')
    cd /Users/home/Websites/petrabaptist/ios/App/App.xcodeproj
    builtin-SwiftDriver -- /Applications/Xcode.app/Contents/Developer/Toolchains/XcodeDefault.xctoolchain/usr/bin/swiftc -module-name BrowserPlugin -O -whole-module-optimization -enforce-exclusivity\=checked @/Users/home/Library/Developer/Xcode/DerivedData/App-flzltcdmtckmrqcuxnypqsjuaodg/Build/Intermediates.noindex/ArchiveIntermediates/App/IntermediateBuildFilesPath/CapacitorBrowser.build/Release-iphoneos/BrowserPlugin.build/Objects-normal/arm64/BrowserPlugin.SwiftFileList -DSWIFT_PACKAGE -DSWIFT_MODULE_RESOURCE_BUNDLE_UNAVAILABLE -DXcode -plugin-path /Applications/Xcode.app/Contents/Developer/Toolchains/XcodeDefault.xctoolchain/usr/lib/swift/host/plugins/testing -enable-experimental-feature DebugDescriptionMacro -sdk /Applications/Xcode.app/Contents/Developer/Platforms/iPhoneOS.platform/Developer/SDKs/iPhoneOS26.2.sdk -target arm64-apple-ios15.0 -g -module-cache-path /Users/home/Library/Developer/Xcode/DerivedData/ModuleCache.noindex -Xfrontend -serialize-debugging-options -suppress-warnings -swift-version 5 -I /Users/home/Library/Developer/Xcode/DerivedData/App-flzltcdmtckmrqcuxnypqsjuaodg/Build/Intermediates.noindex/ArchiveIntermediates/App/BuildProductsPath/Release-iphoneos -Isystem /Applications/Xcode.app/Contents/Developer/Platforms/iPhoneOS.platform/Developer/usr/lib -F /Users/home/Library/Developer/Xcode/DerivedData/App-flzltcdmtckmrqcuxnypqsjuaodg/Build/Intermediates.noindex/ArchiveIntermediates/App/BuildProductsPath/Release-iphoneos -F /Applications/Xcode.app/Contents/Developer/Platforms/iPhoneOS.platform/Developer/Library/Frameworks -F /Applications/Xcode.app/Contents/Developer/Platforms/iPhoneOS.platform/Developer/SDKs/iPhoneOS26.2.sdk/Developer/Library/Frameworks -c -num-threads 4 -Xcc -ivfsstatcache -Xcc /Users/home/Library/Developer/Xcode/DerivedData/SDKStatCaches.noindex/iphoneos26.2-23C57-3794476bd08197c3e2abd9bb477ef7f7.sdkstatcache -output-file-map /Users/home/Library/Developer/Xcode/DerivedData/App-flzltcdmtckmrqcuxnypqsjuaodg/Build/Intermediates.noindex/ArchiveIntermediates/App/IntermediateBuildFilesPath/CapacitorBrowser.build/Release-iphoneos/BrowserPlugin.build/Objects-normal/arm64/BrowserPlugin-OutputFileMap.json -use-frontend-parseable-output -save-temps -no-color-diagnostics -explicit-module-build -module-cache-path /Users/home/Library/Developer/Xcode/DerivedData/App-flzltcdmtckmrqcuxnypqsjuaodg/Build/Intermediates.noindex/ArchiveIntermediates/App/IntermediateBuildFilesPath/SwiftExplicitPrecompiledModules -clang-scanner-module-cache-path /Users/home/Library/Developer/Xcode/DerivedData/ModuleCache.noindex -sdk-module-cache-path /Users/home/Library/Developer/Xcode/DerivedData/ModuleCache.noindex -serialize-diagnostics -emit-dependencies -emit-module -emit-module-path /Users/home/Library/Developer/Xcode/DerivedData/App-flzltcdmtckmrqcuxnypqsjuaodg/Build/Intermediates.noindex/ArchiveIntermediates/App/IntermediateBuildFilesPath/CapacitorBrowser.build/Release-iphoneos/BrowserPlugin.build/Objects-normal/arm64/BrowserPlugin.swiftmodule -validate-clang-modules-once -clang-build-session-file /Users/home/Library/Developer/Xcode/DerivedData/ModuleCache.noindex/Session.modulevalidation -package-name browser -Xcc -I/Users/home/Library/Developer/Xcode/DerivedData/App-flzltcdmtckmrqcuxnypqsjuaodg/Build/Intermediates.noindex/ArchiveIntermediates/App/IntermediateBuildFilesPath/CapacitorBrowser.build/Release-iphoneos/BrowserPlugin.build/swift-overrides.hmap -emit-const-values -Xfrontend -const-gather-protocols-file -Xfrontend /Users/home/Library/Developer/Xcode/DerivedData/App-flzltcdmtckmrqcuxnypqsjuaodg/Build/Intermediates.noindex/ArchiveIntermediates/App/IntermediateBuildFilesPath/CapacitorBrowser.build/Release-iphoneos/BrowserPlugin.build/Objects-normal/arm64/BrowserPlugin_const_extract_protocols.json -Xcc -I/Users/home/Library/Developer/Xcode/DerivedData/App-flzltcdmtckmrqcuxnypqsjuaodg/Build/Intermediates.noindex/ArchiveIntermediates/App/BuildProductsPath/Release-iphoneos/include -Xcc -I/Users/home/Library/Developer/Xcode/DerivedData/App-flzltcdmtckmrqcuxnypqsjuaodg/Build/Intermediates.noindex/ArchiveIntermediates/App/IntermediateBuildFilesPath/CapacitorBrowser.build/Release-iphoneos/BrowserPlugin.build/DerivedSources-normal/arm64 -Xcc -I/Users/home/Library/Developer/Xcode/DerivedData/App-flzltcdmtckmrqcuxnypqsjuaodg/Build/Intermediates.noindex/ArchiveIntermediates/App/IntermediateBuildFilesPath/CapacitorBrowser.build/Release-iphoneos/BrowserPlugin.build/DerivedSources/arm64 -Xcc -I/Users/home/Library/Developer/Xcode/DerivedData/App-flzltcdmtckmrqcuxnypqsjuaodg/Build/Intermediates.noindex/ArchiveIntermediates/App/IntermediateBuildFilesPath/CapacitorBrowser.build/Release-iphoneos/BrowserPlugin.build/DerivedSources -Xcc -DSWIFT_PACKAGE -emit-objc-header -emit-objc-header-path /Users/home/Library/Developer/Xcode/DerivedData/App-flzltcdmtckmrqcuxnypqsjuaodg/Build/Intermediates.noindex/ArchiveIntermediates/App/IntermediateBuildFilesPath/CapacitorBrowser.build/Release-iphoneos/BrowserPlugin.build/Objects-normal/arm64/BrowserPlugin-Swift.h -working-directory /Users/home/Websites/petrabaptist/ios/App/App.xcodeproj -no-emit-module-separately-wmo

SwiftDriver\ Compilation SplashScreenPlugin normal arm64 com.apple.xcode.tools.swift.compiler (in target 'SplashScreenPlugin' from project 'CapacitorSplashScreen')
    cd /Users/home/Websites/petrabaptist/ios/App/App.xcodeproj
    builtin-Swift-Compilation -- /Applications/Xcode.app/Contents/Developer/Toolchains/XcodeDefault.xctoolchain/usr/bin/swiftc -module-name SplashScreenPlugin -O -whole-module-optimization -enforce-exclusivity\=checked @/Users/home/Library/Developer/Xcode/DerivedData/App-flzltcdmtckmrqcuxnypqsjuaodg/Build/Intermediates.noindex/ArchiveIntermediates/App/IntermediateBuildFilesPath/CapacitorSplashScreen.build/Release-iphoneos/SplashScreenPlugin.build/Objects-normal/arm64/SplashScreenPlugin.SwiftFileList -DSWIFT_PACKAGE -DSWIFT_MODULE_RESOURCE_BUNDLE_UNAVAILABLE -DXcode -plugin-path /Applications/Xcode.app/Contents/Developer/Toolchains/XcodeDefault.xctoolchain/usr/lib/swift/host/plugins/testing -enable-experimental-feature DebugDescriptionMacro -sdk /Applications/Xcode.app/Contents/Developer/Platforms/iPhoneOS.platform/Developer/SDKs/iPhoneOS26.2.sdk -target arm64-apple-ios15.0 -g -module-cache-path /Users/home/Library/Developer/Xcode/DerivedData/ModuleCache.noindex -Xfrontend -serialize-debugging-options -suppress-warnings -swift-version 5 -I /Users/home/Library/Developer/Xcode/DerivedData/App-flzltcdmtckmrqcuxnypqsjuaodg/Build/Intermediates.noindex/ArchiveIntermediates/App/BuildProductsPath/Release-iphoneos -Isystem /Applications/Xcode.app/Contents/Developer/Platforms/iPhoneOS.platform/Developer/usr/lib -F /Users/home/Library/Developer/Xcode/DerivedData/App-flzltcdmtckmrqcuxnypqsjuaodg/Build/Intermediates.noindex/ArchiveIntermediates/App/BuildProductsPath/Release-iphoneos -F /Applications/Xcode.app/Contents/Developer/Platforms/iPhoneOS.platform/Developer/Library/Frameworks -F /Applications/Xcode.app/Contents/Developer/Platforms/iPhoneOS.platform/Developer/SDKs/iPhoneOS26.2.sdk/Developer/Library/Frameworks -c -num-threads 4 -Xcc -ivfsstatcache -Xcc /Users/home/Library/Developer/Xcode/DerivedData/SDKStatCaches.noindex/iphoneos26.2-23C57-3794476bd08197c3e2abd9bb477ef7f7.sdkstatcache -output-file-map /Users/home/Library/Developer/Xcode/DerivedData/App-flzltcdmtckmrqcuxnypqsjuaodg/Build/Intermediates.noindex/ArchiveIntermediates/App/IntermediateBuildFilesPath/CapacitorSplashScreen.build/Release-iphoneos/SplashScreenPlugin.build/Objects-normal/arm64/SplashScreenPlugin-OutputFileMap.json -use-frontend-parseable-output -save-temps -no-color-diagnostics -explicit-module-build -module-cache-path /Users/home/Library/Developer/Xcode/DerivedData/App-flzltcdmtckmrqcuxnypqsjuaodg/Build/Intermediates.noindex/ArchiveIntermediates/App/IntermediateBuildFilesPath/SwiftExplicitPrecompiledModules -clang-scanner-module-cache-path /Users/home/Library/Developer/Xcode/DerivedData/ModuleCache.noindex -sdk-module-cache-path /Users/home/Library/Developer/Xcode/DerivedData/ModuleCache.noindex -serialize-diagnostics -emit-dependencies -emit-module -emit-module-path /Users/home/Library/Developer/Xcode/DerivedData/App-flzltcdmtckmrqcuxnypqsjuaodg/Build/Intermediates.noindex/ArchiveIntermediates/App/IntermediateBuildFilesPath/CapacitorSplashScreen.build/Release-iphoneos/SplashScreenPlugin.build/Objects-normal/arm64/SplashScreenPlugin.swiftmodule -validate-clang-modules-once -clang-build-session-file /Users/home/Library/Developer/Xcode/DerivedData/ModuleCache.noindex/Session.modulevalidation -package-name splash_screen -Xcc -I/Users/home/Library/Developer/Xcode/DerivedData/App-flzltcdmtckmrqcuxnypqsjuaodg/Build/Intermediates.noindex/ArchiveIntermediates/App/IntermediateBuildFilesPath/CapacitorSplashScreen.build/Release-iphoneos/SplashScreenPlugin.build/swift-overrides.hmap -emit-const-values -Xfrontend -const-gather-protocols-file -Xfrontend /Users/home/Library/Developer/Xcode/DerivedData/App-flzltcdmtckmrqcuxnypqsjuaodg/Build/Intermediates.noindex/ArchiveIntermediates/App/IntermediateBuildFilesPath/CapacitorSplashScreen.build/Release-iphoneos/SplashScreenPlugin.build/Objects-normal/arm64/SplashScreenPlugin_const_extract_protocols.json -Xcc -I/Users/home/Library/Developer/Xcode/DerivedData/App-flzltcdmtckmrqcuxnypqsjuaodg/Build/Intermediates.noindex/ArchiveIntermediates/App/BuildProductsPath/Release-iphoneos/include -Xcc -I/Users/home/Library/Developer/Xcode/DerivedData/App-flzltcdmtckmrqcuxnypqsjuaodg/Build/Intermediates.noindex/ArchiveIntermediates/App/IntermediateBuildFilesPath/CapacitorSplashScreen.build/Release-iphoneos/SplashScreenPlugin.build/DerivedSources-normal/arm64 -Xcc -I/Users/home/Library/Developer/Xcode/DerivedData/App-flzltcdmtckmrqcuxnypqsjuaodg/Build/Intermediates.noindex/ArchiveIntermediates/App/IntermediateBuildFilesPath/CapacitorSplashScreen.build/Release-iphoneos/SplashScreenPlugin.build/DerivedSources/arm64 -Xcc -I/Users/home/Library/Developer/Xcode/DerivedData/App-flzltcdmtckmrqcuxnypqsjuaodg/Build/Intermediates.noindex/ArchiveIntermediates/App/IntermediateBuildFilesPath/CapacitorSplashScreen.build/Release-iphoneos/SplashScreenPlugin.build/DerivedSources -Xcc -DSWIFT_PACKAGE -emit-objc-header -emit-objc-header-path /Users/home/Library/Developer/Xcode/DerivedData/App-flzltcdmtckmrqcuxnypqsjuaodg/Build/Intermediates.noindex/ArchiveIntermediates/App/IntermediateBuildFilesPath/CapacitorSplashScreen.build/Release-iphoneos/SplashScreenPlugin.build/Objects-normal/arm64/SplashScreenPlugin-Swift.h -working-directory /Users/home/Websites/petrabaptist/ios/App/App.xcodeproj -no-emit-module-separately-wmo

SwiftExplicitDependencyGeneratePcm arm64 /Users/home/Library/Developer/Xcode/DerivedData/App-flzltcdmtckmrqcuxnypqsjuaodg/Build/Intermediates.noindex/ArchiveIntermediates/App/IntermediateBuildFilesPath/SwiftExplicitPrecompiledModules/Cordova-APCOH1BM3IVSYLHIETVEZRQEY.pcm

SwiftDriver\ Compilation BrowserPlugin normal arm64 com.apple.xcode.tools.swift.compiler (in target 'BrowserPlugin' from project 'CapacitorBrowser')
    cd /Users/home/Websites/petrabaptist/ios/App/App.xcodeproj
    builtin-Swift-Compilation -- /Applications/Xcode.app/Contents/Developer/Toolchains/XcodeDefault.xctoolchain/usr/bin/swiftc -module-name BrowserPlugin -O -whole-module-optimization -enforce-exclusivity\=checked @/Users/home/Library/Developer/Xcode/DerivedData/App-flzltcdmtckmrqcuxnypqsjuaodg/Build/Intermediates.noindex/ArchiveIntermediates/App/IntermediateBuildFilesPath/CapacitorBrowser.build/Release-iphoneos/BrowserPlugin.build/Objects-normal/arm64/BrowserPlugin.SwiftFileList -DSWIFT_PACKAGE -DSWIFT_MODULE_RESOURCE_BUNDLE_UNAVAILABLE -DXcode -plugin-path /Applications/Xcode.app/Contents/Developer/Toolchains/XcodeDefault.xctoolchain/usr/lib/swift/host/plugins/testing -enable-experimental-feature DebugDescriptionMacro -sdk /Applications/Xcode.app/Contents/Developer/Platforms/iPhoneOS.platform/Developer/SDKs/iPhoneOS26.2.sdk -target arm64-apple-ios15.0 -g -module-cache-path /Users/home/Library/Developer/Xcode/DerivedData/ModuleCache.noindex -Xfrontend -serialize-debugging-options -suppress-warnings -swift-version 5 -I /Users/home/Library/Developer/Xcode/DerivedData/App-flzltcdmtckmrqcuxnypqsjuaodg/Build/Intermediates.noindex/ArchiveIntermediates/App/BuildProductsPath/Release-iphoneos -Isystem /Applications/Xcode.app/Contents/Developer/Platforms/iPhoneOS.platform/Developer/usr/lib -F /Users/home/Library/Developer/Xcode/DerivedData/App-flzltcdmtckmrqcuxnypqsjuaodg/Build/Intermediates.noindex/ArchiveIntermediates/App/BuildProductsPath/Release-iphoneos -F /Applications/Xcode.app/Contents/Developer/Platforms/iPhoneOS.platform/Developer/Library/Frameworks -F /Applications/Xcode.app/Contents/Developer/Platforms/iPhoneOS.platform/Developer/SDKs/iPhoneOS26.2.sdk/Developer/Library/Frameworks -c -num-threads 4 -Xcc -ivfsstatcache -Xcc /Users/home/Library/Developer/Xcode/DerivedData/SDKStatCaches.noindex/iphoneos26.2-23C57-3794476bd08197c3e2abd9bb477ef7f7.sdkstatcache -output-file-map /Users/home/Library/Developer/Xcode/DerivedData/App-flzltcdmtckmrqcuxnypqsjuaodg/Build/Intermediates.noindex/ArchiveIntermediates/App/IntermediateBuildFilesPath/CapacitorBrowser.build/Release-iphoneos/BrowserPlugin.build/Objects-normal/arm64/BrowserPlugin-OutputFileMap.json -use-frontend-parseable-output -save-temps -no-color-diagnostics -explicit-module-build -module-cache-path /Users/home/Library/Developer/Xcode/DerivedData/App-flzltcdmtckmrqcuxnypqsjuaodg/Build/Intermediates.noindex/ArchiveIntermediates/App/IntermediateBuildFilesPath/SwiftExplicitPrecompiledModules -clang-scanner-module-cache-path /Users/home/Library/Developer/Xcode/DerivedData/ModuleCache.noindex -sdk-module-cache-path /Users/home/Library/Developer/Xcode/DerivedData/ModuleCache.noindex -serialize-diagnostics -emit-dependencies -emit-module -emit-module-path /Users/home/Library/Developer/Xcode/DerivedData/App-flzltcdmtckmrqcuxnypqsjuaodg/Build/Intermediates.noindex/ArchiveIntermediates/App/IntermediateBuildFilesPath/CapacitorBrowser.build/Release-iphoneos/BrowserPlugin.build/Objects-normal/arm64/BrowserPlugin.swiftmodule -validate-clang-modules-once -clang-build-session-file /Users/home/Library/Developer/Xcode/DerivedData/ModuleCache.noindex/Session.modulevalidation -package-name browser -Xcc -I/Users/home/Library/Developer/Xcode/DerivedData/App-flzltcdmtckmrqcuxnypqsjuaodg/Build/Intermediates.noindex/ArchiveIntermediates/App/IntermediateBuildFilesPath/CapacitorBrowser.build/Release-iphoneos/BrowserPlugin.build/swift-overrides.hmap -emit-const-values -Xfrontend -const-gather-protocols-file -Xfrontend /Users/home/Library/Developer/Xcode/DerivedData/App-flzltcdmtckmrqcuxnypqsjuaodg/Build/Intermediates.noindex/ArchiveIntermediates/App/IntermediateBuildFilesPath/CapacitorBrowser.build/Release-iphoneos/BrowserPlugin.build/Objects-normal/arm64/BrowserPlugin_const_extract_protocols.json -Xcc -I/Users/home/Library/Developer/Xcode/DerivedData/App-flzltcdmtckmrqcuxnypqsjuaodg/Build/Intermediates.noindex/ArchiveIntermediates/App/BuildProductsPath/Release-iphoneos/include -Xcc -I/Users/home/Library/Developer/Xcode/DerivedData/App-flzltcdmtckmrqcuxnypqsjuaodg/Build/Intermediates.noindex/ArchiveIntermediates/App/IntermediateBuildFilesPath/CapacitorBrowser.build/Release-iphoneos/BrowserPlugin.build/DerivedSources-normal/arm64 -Xcc -I/Users/home/Library/Developer/Xcode/DerivedData/App-flzltcdmtckmrqcuxnypqsjuaodg/Build/Intermediates.noindex/ArchiveIntermediates/App/IntermediateBuildFilesPath/CapacitorBrowser.build/Release-iphoneos/BrowserPlugin.build/DerivedSources/arm64 -Xcc -I/Users/home/Library/Developer/Xcode/DerivedData/App-flzltcdmtckmrqcuxnypqsjuaodg/Build/Intermediates.noindex/ArchiveIntermediates/App/IntermediateBuildFilesPath/CapacitorBrowser.build/Release-iphoneos/BrowserPlugin.build/DerivedSources -Xcc -DSWIFT_PACKAGE -emit-objc-header -emit-objc-header-path /Users/home/Library/Developer/Xcode/DerivedData/App-flzltcdmtckmrqcuxnypqsjuaodg/Build/Intermediates.noindex/ArchiveIntermediates/App/IntermediateBuildFilesPath/CapacitorBrowser.build/Release-iphoneos/BrowserPlugin.build/Objects-normal/arm64/BrowserPlugin-Swift.h -working-directory /Users/home/Websites/petrabaptist/ios/App/App.xcodeproj -no-emit-module-separately-wmo

SwiftDriver\ Compilation CameraPlugin normal arm64 com.apple.xcode.tools.swift.compiler (in target 'CameraPlugin' from project 'CapacitorCamera')
    cd /Users/home/Websites/petrabaptist/ios/App/App.xcodeproj
    builtin-Swift-Compilation -- /Applications/Xcode.app/Contents/Developer/Toolchains/XcodeDefault.xctoolchain/usr/bin/swiftc -module-name CameraPlugin -O -whole-module-optimization -enforce-exclusivity\=checked @/Users/home/Library/Developer/Xcode/DerivedData/App-flzltcdmtckmrqcuxnypqsjuaodg/Build/Intermediates.noindex/ArchiveIntermediates/App/IntermediateBuildFilesPath/CapacitorCamera.build/Release-iphoneos/CameraPlugin.build/Objects-normal/arm64/CameraPlugin.SwiftFileList -DSWIFT_PACKAGE -DSWIFT_MODULE_RESOURCE_BUNDLE_UNAVAILABLE -DXcode -plugin-path /Applications/Xcode.app/Contents/Developer/Toolchains/XcodeDefault.xctoolchain/usr/lib/swift/host/plugins/testing -enable-experimental-feature DebugDescriptionMacro -sdk /Applications/Xcode.app/Contents/Developer/Platforms/iPhoneOS.platform/Developer/SDKs/iPhoneOS26.2.sdk -target arm64-apple-ios15.0 -g -module-cache-path /Users/home/Library/Developer/Xcode/DerivedData/ModuleCache.noindex -Xfrontend -serialize-debugging-options -suppress-warnings -swift-version 5 -I /Users/home/Library/Developer/Xcode/DerivedData/App-flzltcdmtckmrqcuxnypqsjuaodg/Build/Intermediates.noindex/ArchiveIntermediates/App/BuildProductsPath/Release-iphoneos -Isystem /Applications/Xcode.app/Contents/Developer/Platforms/iPhoneOS.platform/Developer/usr/lib -F /Users/home/Library/Developer/Xcode/DerivedData/App-flzltcdmtckmrqcuxnypqsjuaodg/Build/Intermediates.noindex/ArchiveIntermediates/App/BuildProductsPath/Release-iphoneos -F /Applications/Xcode.app/Contents/Developer/Platforms/iPhoneOS.platform/Developer/Library/Frameworks -F /Applications/Xcode.app/Contents/Developer/Platforms/iPhoneOS.platform/Developer/SDKs/iPhoneOS26.2.sdk/Developer/Library/Frameworks -c -num-threads 4 -Xcc -ivfsstatcache -Xcc /Users/home/Library/Developer/Xcode/DerivedData/SDKStatCaches.noindex/iphoneos26.2-23C57-3794476bd08197c3e2abd9bb477ef7f7.sdkstatcache -output-file-map /Users/home/Library/Developer/Xcode/DerivedData/App-flzltcdmtckmrqcuxnypqsjuaodg/Build/Intermediates.noindex/ArchiveIntermediates/App/IntermediateBuildFilesPath/CapacitorCamera.build/Release-iphoneos/CameraPlugin.build/Objects-normal/arm64/CameraPlugin-OutputFileMap.json -use-frontend-parseable-output -save-temps -no-color-diagnostics -explicit-module-build -module-cache-path /Users/home/Library/Developer/Xcode/DerivedData/App-flzltcdmtckmrqcuxnypqsjuaodg/Build/Intermediates.noindex/ArchiveIntermediates/App/IntermediateBuildFilesPath/SwiftExplicitPrecompiledModules -clang-scanner-module-cache-path /Users/home/Library/Developer/Xcode/DerivedData/ModuleCache.noindex -sdk-module-cache-path /Users/home/Library/Developer/Xcode/DerivedData/ModuleCache.noindex -serialize-diagnostics -emit-dependencies -emit-module -emit-module-path /Users/home/Library/Developer/Xcode/DerivedData/App-flzltcdmtckmrqcuxnypqsjuaodg/Build/Intermediates.noindex/ArchiveIntermediates/App/IntermediateBuildFilesPath/CapacitorCamera.build/Release-iphoneos/CameraPlugin.build/Objects-normal/arm64/CameraPlugin.swiftmodule -validate-clang-modules-once -clang-build-session-file /Users/home/Library/Developer/Xcode/DerivedData/ModuleCache.noindex/Session.modulevalidation -package-name camera -Xcc -I/Users/home/Library/Developer/Xcode/DerivedData/App-flzltcdmtckmrqcuxnypqsjuaodg/Build/Intermediates.noindex/ArchiveIntermediates/App/IntermediateBuildFilesPath/CapacitorCamera.build/Release-iphoneos/CameraPlugin.build/swift-overrides.hmap -emit-const-values -Xfrontend -const-gather-protocols-file -Xfrontend /Users/home/Library/Developer/Xcode/DerivedData/App-flzltcdmtckmrqcuxnypqsjuaodg/Build/Intermediates.noindex/ArchiveIntermediates/App/IntermediateBuildFilesPath/CapacitorCamera.build/Release-iphoneos/CameraPlugin.build/Objects-normal/arm64/CameraPlugin_const_extract_protocols.json -Xcc -I/Users/home/Library/Developer/Xcode/DerivedData/App-flzltcdmtckmrqcuxnypqsjuaodg/Build/Intermediates.noindex/ArchiveIntermediates/App/BuildProductsPath/Release-iphoneos/include -Xcc -I/Users/home/Library/Developer/Xcode/DerivedData/App-flzltcdmtckmrqcuxnypqsjuaodg/Build/Intermediates.noindex/ArchiveIntermediates/App/IntermediateBuildFilesPath/CapacitorCamera.build/Release-iphoneos/CameraPlugin.build/DerivedSources-normal/arm64 -Xcc -I/Users/home/Library/Developer/Xcode/DerivedData/App-flzltcdmtckmrqcuxnypqsjuaodg/Build/Intermediates.noindex/ArchiveIntermediates/App/IntermediateBuildFilesPath/CapacitorCamera.build/Release-iphoneos/CameraPlugin.build/DerivedSources/arm64 -Xcc -I/Users/home/Library/Developer/Xcode/DerivedData/App-flzltcdmtckmrqcuxnypqsjuaodg/Build/Intermediates.noindex/ArchiveIntermediates/App/IntermediateBuildFilesPath/CapacitorCamera.build/Release-iphoneos/CameraPlugin.build/DerivedSources -Xcc -DSWIFT_PACKAGE -emit-objc-header -emit-objc-header-path /Users/home/Library/Developer/Xcode/DerivedData/App-flzltcdmtckmrqcuxnypqsjuaodg/Build/Intermediates.noindex/ArchiveIntermediates/App/IntermediateBuildFilesPath/CapacitorCamera.build/Release-iphoneos/CameraPlugin.build/Objects-normal/arm64/CameraPlugin-Swift.h -working-directory /Users/home/Websites/petrabaptist/ios/App/App.xcodeproj -no-emit-module-separately-wmo

SwiftExplicitDependencyGeneratePcm arm64 /Users/home/Library/Developer/Xcode/DerivedData/App-flzltcdmtckmrqcuxnypqsjuaodg/Build/Intermediates.noindex/ArchiveIntermediates/App/IntermediateBuildFilesPath/SwiftExplicitPrecompiledModules/Capacitor-7M13W3BK7X75KXJJUHR0CM2GC.pcm

SwiftExplicitDependencyCompileModuleFromInterface arm64 /Users/home/Library/Developer/Xcode/DerivedData/App-flzltcdmtckmrqcuxnypqsjuaodg/Build/Intermediates.noindex/ArchiveIntermediates/App/IntermediateBuildFilesPath/SwiftExplicitPrecompiledModules/Capacitor-2ZWRYN955UFB0.swiftmodule

SwiftCompile normal arm64 Compiling\ SplashScreen.swift,\ SplashScreenConfig.swift,\ SplashScreenPlugin.swift,\ SplashScreenSettings.swift /Users/home/Websites/petrabaptist/node_modules/@capacitor/splash-screen/ios/Sources/SplashScreenPlugin/SplashScreen.swift /Users/home/Websites/petrabaptist/node_modules/@capacitor/splash-screen/ios/Sources/SplashScreenPlugin/SplashScreenConfig.swift /Users/home/Websites/petrabaptist/node_modules/@capacitor/splash-screen/ios/Sources/SplashScreenPlugin/SplashScreenPlugin.swift /Users/home/Websites/petrabaptist/node_modules/@capacitor/splash-screen/ios/Sources/SplashScreenPlugin/SplashScreenSettings.swift /Applications/Xcode.app/Contents/Developer/Toolchains/XcodeDefault.xctoolchain/usr/lib/swift/iphoneos/prebuilt-modules/26.2/_Concurrency.swiftmodule/arm64e-apple-ios.swiftmodule /Applications/Xcode.app/Contents/Developer/Toolchains/XcodeDefault.xctoolchain/usr/lib/swift/iphoneos/prebuilt-modules/26.2/Accessibility.swiftmodule/arm64e-apple-ios.swiftmodule /Applications/Xcode.app/Contents/Developer/Toolchains/XcodeDefault.xctoolchain/usr/lib/swift/iphoneos/prebuilt-modules/26.2/UIKit.swiftmodule/arm64e-apple-ios.swiftmodule /Applications/Xcode.app/Contents/Developer/Toolchains/XcodeDefault.xctoolchain/usr/lib/swift/iphoneos/prebuilt-modules/26.2/DataDetection.swiftmodule/arm64e-apple-ios.swiftmodule /Applications/Xcode.app/Contents/Developer/Toolchains/XcodeDefault.xctoolchain/usr/lib/swift/iphoneos/prebuilt-modules/26.2/os.swiftmodule/arm64e-apple-ios.swiftmodule /Applications/Xcode.app/Contents/Developer/Toolchains/XcodeDefault.xctoolchain/usr/lib/swift/iphoneos/prebuilt-modules/26.2/Darwin.swiftmodule/arm64e-apple-ios.swiftmodule /Applications/Xcode.app/Contents/Developer/Toolchains/XcodeDefault.xctoolchain/usr/lib/swift/iphoneos/prebuilt-modules/26.2/Metal.swiftmodule/arm64e-apple-ios.swiftmodule /Applications/Xcode.app/Contents/Developer/Toolchains/XcodeDefault.xctoolchain/usr/lib/swift/iphoneos/prebuilt-modules/26.2/CoreImage.swiftmodule/arm64e-apple-ios.swiftmodule /Applications/Xcode.app/Contents/Developer/Toolchains/XcodeDefault.xctoolchain/usr/lib/swift/iphoneos/prebuilt-modules/26.2/WebKit.swiftmodule/arm64e-apple-ios.swiftmodule /Applications/Xcode.app/Contents/Developer/Toolchains/XcodeDefault.xctoolchain/usr/lib/swift/iphoneos/prebuilt-modules/26.2/XPC.swiftmodule/arm64e-apple-ios.swiftmodule /Applications/Xcode.app/Contents/Developer/Toolchains/XcodeDefault.xctoolchain/usr/lib/swift/iphoneos/prebuilt-modules/26.2/Foundation.swiftmodule/arm64e-apple-ios.swiftmodule /Applications/Xcode.app/Contents/Developer/Toolchains/XcodeDefault.xctoolchain/usr/lib/swift/iphoneos/prebuilt-modules/26.2/ObjectiveC.swiftmodule/arm64e-apple-ios.swiftmodule /Applications/Xcode.app/Contents/Developer/Toolchains/XcodeDefault.xctoolchain/usr/lib/swift/iphoneos/prebuilt-modules/26.2/QuartzCore.swiftmodule/arm64e-apple-ios.swiftmodule /Applications/Xcode.app/Contents/Developer/Toolchains/XcodeDefault.xctoolchain/usr/lib/swift/iphoneos/prebuilt-modules/26.2/Dispatch.swiftmodule/arm64e-apple-ios.swiftmodule /Applications/Xcode.app/Contents/Developer/Toolchains/XcodeDefault.xctoolchain/usr/lib/swift/iphoneos/prebuilt-modules/26.2/Observation.swiftmodule/arm64e-apple-ios.swiftmodule /Applications/Xcode.app/Contents/Developer/Toolchains/XcodeDefault.xctoolchain/usr/lib/swift/iphoneos/prebuilt-modules/26.2/CoreVideo.swiftmodule/arm64e-apple-ios.swiftmodule /Applications/Xcode.app/Contents/Developer/Toolchains/XcodeDefault.xctoolchain/usr/lib/swift/iphoneos/prebuilt-modules/26.2/Distributed.swiftmodule/arm64e-apple-ios.swiftmodule /Applications/Xcode.app/Contents/Developer/Toolchains/XcodeDefault.xctoolchain/usr/lib/swift/iphoneos/prebuilt-modules/26.2/FileProvider.swiftmodule/arm64e-apple-ios.swiftmodule /Applications/Xcode.app/Contents/Developer/Toolchains/XcodeDefault.xctoolchain/usr/lib/swift/iphoneos/prebuilt-modules/26.2/Combine.swiftmodule/arm64e-apple-ios.swiftmodule /Applications/Xcode.app/Contents/Developer/Toolchains/XcodeDefault.xctoolchain/usr/lib/swift/iphoneos/prebuilt-modules/26.2/System.swiftmodule/arm64e-apple-ios.swiftmodule /Applications/Xcode.app/Contents/Developer/Toolchains/XcodeDefault.xctoolchain/usr/lib/swift/iphoneos/prebuilt-modules/26.2/CoreFoundation.swiftmodule/arm64e-apple-ios.swiftmodule /Users/home/Library/Developer/Xcode/DerivedData/App-flzltcdmtckmrqcuxnypqsjuaodg/Build/Intermediates.noindex/ArchiveIntermediates/App/IntermediateBuildFilesPath/SwiftExplicitPrecompiledModules/Capacitor-2ZWRYN955UFB0.swiftmodule /Applications/Xcode.app/Contents/Developer/Toolchains/XcodeDefault.xctoolchain/usr/lib/swift/iphoneos/prebuilt-modules/26.2/_Builtin_float.swiftmodule/arm64e-apple-ios.swiftmodule /Applications/Xcode.app/Contents/Developer/Toolchains/XcodeDefault.xctoolchain/usr/lib/swift/iphoneos/prebuilt-modules/26.2/Symbols.swiftmodule/arm64e-apple-ios.swiftmodule /Applications/Xcode.app/Contents/Developer/Toolchains/XcodeDefault.xctoolchain/usr/lib/swift/iphoneos/prebuilt-modules/26.2/OSLog.swiftmodule/arm64e-apple-ios.swiftmodule /Applications/Xcode.app/Contents/Developer/Toolchains/XcodeDefault.xctoolchain/usr/lib/swift/iphoneos/prebuilt-modules/26.2/DeveloperToolsSupport.swiftmodule/arm64e-apple-ios.swiftmodule /Applications/Xcode.app/Contents/Developer/Toolchains/XcodeDefault.xctoolchain/usr/lib/swift/iphoneos/prebuilt-modules/26.2/CoreText.swiftmodule/arm64e-apple-ios.swiftmodule /Applications/Xcode.app/Contents/Developer/Toolchains/XcodeDefault.xctoolchain/usr/lib/swift/iphoneos/prebuilt-modules/26.2/SwiftUICore.swiftmodule/arm64e-apple-ios.swiftmodule /Applications/Xcode.app/Contents/Developer/Toolchains/XcodeDefault.xctoolchain/usr/lib/swift/iphoneos/prebuilt-modules/26.2/UniformTypeIdentifiers.swiftmodule/arm64e-apple-ios.swiftmodule /Applications/Xcode.app/Contents/Developer/Toolchains/XcodeDefault.xctoolchain/usr/lib/swift/iphoneos/prebuilt-modules/26.2/CoreTransferable.swiftmodule/arm64e-apple-ios.swiftmodule /Applications/Xcode.app/Contents/Developer/Toolchains/XcodeDefault.xctoolchain/usr/lib/swift/iphoneos/prebuilt-modules/26.2/_DarwinFoundation1.swiftmodule/arm64e-apple-ios.swiftmodule /Applications/Xcode.app/Contents/Developer/Toolchains/XcodeDefault.xctoolchain/usr/lib/swift/iphoneos/prebuilt-modules/26.2/CoreGraphics.swiftmodule/arm64e-apple-ios.swiftmodule /Applications/Xcode.app/Contents/Developer/Toolchains/XcodeDefault.xctoolchain/usr/lib/swift/iphoneos/prebuilt-modules/26.2/_StringProcessing.swiftmodule/arm64e-apple-ios.swiftmodule /Applications/Xcode.app/Contents/Developer/Toolchains/XcodeDefault.xctoolchain/usr/lib/swift/iphoneos/prebuilt-modules/26.2/Network.swiftmodule/arm64e-apple-ios.swiftmodule /Applications/Xcode.app/Contents/Developer/Toolchains/XcodeDefault.xctoolchain/usr/lib/swift/iphoneos/prebuilt-modules/26.2/_DarwinFoundation2.swiftmodule/arm64e-apple-ios.swiftmodule /Applications/Xcode.app/Contents/Developer/Toolchains/XcodeDefault.xctoolchain/usr/lib/swift/iphoneos/prebuilt-modules/26.2/Swift.swiftmodule/arm64e-apple-ios.swiftmodule /Applications/Xcode.app/Contents/Developer/Toolchains/XcodeDefault.xctoolchain/usr/lib/swift/iphoneos/prebuilt-modules/26.2/_DarwinFoundation3.swiftmodule/arm64e-apple-ios.swiftmodule /Users/home/Library/Developer/Xcode/DerivedData/ModuleCache.noindex/DataDetection-6FO84M8XPAZQXVQ6X4X9955G7.pcm /Users/home/Library/Developer/Xcode/DerivedData/ModuleCache.noindex/_AvailabilityInternal-9WJUUMH71RV5E04MFKJDXXSTV.pcm /Users/home/Library/Developer/Xcode/DerivedData/ModuleCache.noindex/_DarwinFoundation2-A2JINAACIXEEV6GIQMUKT9MPY.pcm /Users/home/Library/Developer/Xcode/DerivedData/ModuleCache.noindex/CoreImage-A7U60N19HE9NAPM0KFUGDCE1W.pcm /Users/home/Library/Developer/Xcode/DerivedData/ModuleCache.noindex/ImageIO-757VLCW3Q8WT77OE3HG9FRC1Y.pcm /Users/home/Library/Developer/Xcode/DerivedData/ModuleCache.noindex/UIUtilities-BPA8UDL9UTNXEFO6ARJIHJQEX.pcm /Users/home/Library/Developer/Xcode/DerivedData/ModuleCache.noindex/FileProvider-7OL0MSNKB0UHOCEPRJ0YRDVHR.pcm /Users/home/Library/Developer/Xcode/DerivedData/ModuleCache.noindex/UserNotifications-DY5D1WMPRHS0L7XDE81ILLAME.pcm /Users/home/Library/Developer/Xcode/DerivedData/ModuleCache.noindex/OSLog-BSVIR7LOI6AVE0C0Y4OFX9ZC1.pcm /Users/home/Library/Developer/Xcode/DerivedData/ModuleCache.noindex/SwiftShims-EVJ00P6W9UKFE4OMG1TVAYLV2.pcm /Users/home/Library/Developer/Xcode/DerivedData/ModuleCache.noindex/ObjectiveC-9504D4Q47NRM55DNR6T1HDK6Z.pcm /Users/home/Library/Developer/Xcode/DerivedData/ModuleCache.noindex/_Builtin_stddef-573RA6V1FNUPHWC9W6THIQM7F.pcm /Users/home/Library/Developer/Xcode/DerivedData/ModuleCache.noindex/dnssd-9QIQ7JNCD4R85HYJ7K65WC0Q9.pcm /Users/home/Library/Developer/Xcode/DerivedData/ModuleCache.noindex/Network-B38AQHVYOV4VC6OVX54XS00DZ.pcm /Users/home/Library/Developer/Xcode/DerivedData/ModuleCache.noindex/ptrauth-5W6PF4V55QLLM8V1ASE6AFFJC.pcm /Users/home/Library/Developer/Xcode/DerivedData/ModuleCache.noindex/MachO-ET9VGD827LZD5JNS2IOESVNHA.pcm /Users/home/Library/Developer/Xcode/DerivedData/App-flzltcdmtckmrqcuxnypqsjuaodg/Build/Intermediates.noindex/ArchiveIntermediates/App/IntermediateBuildFilesPath/SwiftExplicitPrecompiledModules/Capacitor-7M13W3BK7X75KXJJUHR0CM2GC.pcm /Users/home/Library/Developer/Xcode/DerivedData/App-flzltcdmtckmrqcuxnypqsjuaodg/Build/Intermediates.noindex/ArchiveIntermediates/App/IntermediateBuildFilesPath/SwiftExplicitPrecompiledModules/Cordova-APCOH1BM3IVSYLHIETVEZRQEY.pcm /Users/home/Library/Developer/Xcode/DerivedData/ModuleCache.noindex/UIKit-BCYRTL0AT5S6X8ZBL7QOAFB9N.pcm /Users/home/Library/Developer/Xcode/DerivedData/ModuleCache.noindex/os-ENHOADOC83MQY55WUI6HFI0KJ.pcm /Users/home/Library/Developer/Xcode/DerivedData/ModuleCache.noindex/QuartzCore-8USJ8664N1FT3TUFZNKXLM6TT.pcm /Users/home/Library/Developer/Xcode/DerivedData/ModuleCache.noindex/_Builtin_inttypes-1LSFWGVJ01N9E6T8GVIK2CMVB.pcm /Users/home/Library/Developer/Xcode/DerivedData/ModuleCache.noindex/IOSurface-9R06T5YECFEYNXNFOG5DDKPG4.pcm /Users/home/Library/Developer/Xcode/DerivedData/ModuleCache.noindex/Metal-207MPAY1Q61FNTANECABSQIND.pcm /Users/home/Library/Developer/Xcode/DerivedData/ModuleCache.noindex/_Builtin_stdarg-AJF6O3GRGXN1H32X8WEYWOPG1.pcm /Users/home/Library/Developer/Xcode/DerivedData/ModuleCache.noindex/_Builtin_float-BAU1GB736W5ZK1FXROCR5PAO8.pcm /Users/home/Library/Developer/Xcode/DerivedData/ModuleCache.noindex/_DarwinFoundation1-28YJ8ING3GKUF9W5NEAWQ9UF0.pcm /Users/home/Library/Developer/Xcode/DerivedData/ModuleCache.noindex/_Builtin_limits-4A2D84HM6O6UJO6MBL3W2NJ1C.pcm /Users/home/Library/Developer/Xcode/DerivedData/ModuleCache.noindex/_Builtin_stdint-3WFD2XTLVP7HONDUYC1B50TIA.pcm /Users/home/Library/Developer/Xcode/DerivedData/ModuleCache.noindex/CoreText-6JCHK1F59VZPAWGZWU1BB9M0E.pcm /Users/home/Library/Developer/Xcode/DerivedData/ModuleCache.noindex/CommonCrypto-BMXQHZE16S075H43IPV8P3FZF.pcm /Users/home/Library/Developer/Xcode/DerivedData/ModuleCache.noindex/SwiftUICore-5C8BSQSAAGATTS8CIRRMXM1OR.pcm /Users/home/Library/Developer/Xcode/DerivedData/ModuleCache.noindex/_SwiftConcurrencyShims-YAFWORF1LHZES4ZS2HB5PBNW.pcm /Users/home/Library/Developer/Xcode/DerivedData/ModuleCache.noindex/_DarwinFoundation3-CYUWGTE2XOPYDX5ZGHD36IZXB.pcm /Users/home/Library/Developer/Xcode/DerivedData/ModuleCache.noindex/Foundation-50NULZAE3QPMH6H36YJZSRGIJ.pcm /Users/home/Library/Developer/Xcode/DerivedData/ModuleCache.noindex/_Builtin_stdbool-D31MHKDLLW726YJMT2VGLW6YI.pcm /Users/home/Library/Developer/Xcode/DerivedData/ModuleCache.noindex/CoreGraphics-7BID2A7UNYUDXF1ZK22LFANPC.pcm /Users/home/Library/Developer/Xcode/DerivedData/ModuleCache.noindex/Accessibility-1N8KNAPXH90UZ8LHBP02V98P9.pcm /Users/home/Library/Developer/Xcode/DerivedData/ModuleCache.noindex/CoreTransferable-878JD1IFH1ARE24TW6GTN4Z8G.pcm /Users/home/Library/Developer/Xcode/DerivedData/ModuleCache.noindex/ptrcheck-NXSUU16KIX4MVTLMF6FMR9H7.pcm /Users/home/Library/Developer/Xcode/DerivedData/ModuleCache.noindex/CoreFoundation-1M5RTKM4UIETGK2TXE7NRONUQ.pcm /Users/home/Library/Developer/Xcode/DerivedData/ModuleCache.noindex/Darwin-E31UGTGU3JKN3SAV2QWQDUUYE.pcm /Users/home/Library/Developer/Xcode/DerivedData/ModuleCache.noindex/Symbols-2DRGH88R1EAU4XI0X55SZRM7G.pcm /Users/home/Library/Developer/Xcode/DerivedData/ModuleCache.noindex/OpenGLES-8YWMUUL1HERAAANH1F58CVSDV.pcm /Users/home/Library/Developer/Xcode/DerivedData/ModuleCache.noindex/_Builtin_stdatomic-6GB4YRLDVUSW7UBVFCXA3N6L6.pcm /Users/home/Library/Developer/Xcode/DerivedData/ModuleCache.noindex/DeveloperToolsSupport-121DM7D9ABUTXLJ6TNCG040KC.pcm /Users/home/Library/Developer/Xcode/DerivedData/ModuleCache.noindex/os_object-DEDBNRQ8Z41N91GGX8JE37RUV.pcm /Users/home/Library/Developer/Xcode/DerivedData/ModuleCache.noindex/Dispatch-BO2NIV0ME2JXKIO9KO5739WC8.pcm /Users/home/Library/Developer/Xcode/DerivedData/ModuleCache.noindex/Security-51RUOSFFCQTX9190MLDPGQT0O.pcm /Users/home/Library/Developer/Xcode/DerivedData/ModuleCache.noindex/XPC-A72VM4M6QTM2C4I17FCHLY0P7.pcm /Users/home/Library/Developer/Xcode/DerivedData/ModuleCache.noindex/WebKit-ANKQ42TXL0UIQ5MVAAUKJ7JER.pcm /Users/home/Library/Developer/Xcode/DerivedData/ModuleCache.noindex/os_workgroup-GB2QF7HGSAMFZ8FJOAEWAD0I.pcm /Users/home/Library/Developer/Xcode/DerivedData/ModuleCache.noindex/CFNetwork-9Q031NZDFOMZ3RUU9OV4Y72FE.pcm /Users/home/Library/Developer/Xcode/DerivedData/ModuleCache.noindex/sys_types-BCS00D63XBIO57KAK9J9F3O9K.pcm /Users/home/Library/Developer/Xcode/DerivedData/ModuleCache.noindex/UniformTypeIdentifiers-BJSM13U0EEO6451PLVN48U9MU.pcm /Users/home/Library/Developer/Xcode/DerivedData/ModuleCache.noindex/CoreVideo-CZ6HL0Z3KCQIUV0LJFY1TZJ7B.pcm /Users/home/Library/Developer/Xcode/DerivedData/App-flzltcdmtckmrqcuxnypqsjuaodg/Build/Intermediates.noindex/ArchiveIntermediates/App/IntermediateBuildFilesPath/CapacitorSplashScreen.build/Release-iphoneos/SplashScreenPlugin.build/Objects-normal/arm64/SplashScreenPlugin-dependencies-1.json (in target 'SplashScreenPlugin' from project 'CapacitorSplashScreen')

CompileSwift normal arm64 (in target 'SplashScreenPlugin' from project 'CapacitorSplashScreen')
    cd /Users/home/Websites/petrabaptist/ios/App/App.xcodeproj
    

SwiftCompile normal arm64 Compiling\ CameraExtensions.swift,\ CameraPlugin.swift,\ CameraTypes.swift,\ ImageSaver.swift /Users/home/Websites/petrabaptist/node_modules/@capacitor/camera/ios/Sources/CameraPlugin/CameraExtensions.swift /Users/home/Websites/petrabaptist/node_modules/@capacitor/camera/ios/Sources/CameraPlugin/CameraPlugin.swift /Users/home/Websites/petrabaptist/node_modules/@capacitor/camera/ios/Sources/CameraPlugin/CameraTypes.swift /Users/home/Websites/petrabaptist/node_modules/@capacitor/camera/ios/Sources/CameraPlugin/ImageSaver.swift /Applications/Xcode.app/Contents/Developer/Toolchains/XcodeDefault.xctoolchain/usr/lib/swift/iphoneos/prebuilt-modules/26.2/CoreGraphics.swiftmodule/arm64e-apple-ios.swiftmodule /Applications/Xcode.app/Contents/Developer/Toolchains/XcodeDefault.xctoolchain/usr/lib/swift/iphoneos/prebuilt-modules/26.2/XPC.swiftmodule/arm64e-apple-ios.swiftmodule /Applications/Xcode.app/Contents/Developer/Toolchains/XcodeDefault.xctoolchain/usr/lib/swift/iphoneos/prebuilt-modules/26.2/Swift.swiftmodule/arm64e-apple-ios.swiftmodule /Applications/Xcode.app/Contents/Developer/Toolchains/XcodeDefault.xctoolchain/usr/lib/swift/iphoneos/prebuilt-modules/26.2/Foundation.swiftmodule/arm64e-apple-ios.swiftmodule /Applications/Xcode.app/Contents/Developer/Toolchains/XcodeDefault.xctoolchain/usr/lib/swift/iphoneos/prebuilt-modules/26.2/CoreAudio.swiftmodule/arm64e-apple-ios.swiftmodule /Applications/Xcode.app/Contents/Developer/Toolchains/XcodeDefault.xctoolchain/usr/lib/swift/iphoneos/prebuilt-modules/26.2/Dispatch.swiftmodule/arm64e-apple-ios.swiftmodule /Applications/Xcode.app/Contents/Developer/Toolchains/XcodeDefault.xctoolchain/usr/lib/swift/iphoneos/prebuilt-modules/26.2/_DarwinFoundation2.swiftmodule/arm64e-apple-ios.swiftmodule /Applications/Xcode.app/Contents/Developer/Toolchains/XcodeDefault.xctoolchain/usr/lib/swift/iphoneos/prebuilt-modules/26.2/OSLog.swiftmodule/arm64e-apple-ios.swiftmodule /Applications/Xcode.app/Contents/Developer/Toolchains/XcodeDefault.xctoolchain/usr/lib/swift/iphoneos/prebuilt-modules/26.2/AVFAudio.swiftmodule/arm64e-apple-ios.swiftmodule /Applications/Xcode.app/Contents/Developer/Toolchains/XcodeDefault.xctoolchain/usr/lib/swift/iphoneos/prebuilt-modules/26.2/QuartzCore.swiftmodule/arm64e-apple-ios.swiftmodule /Applications/Xcode.app/Contents/Developer/Toolchains/XcodeDefault.xctoolchain/usr/lib/swift/iphoneos/prebuilt-modules/26.2/Darwin.swiftmodule/arm64e-apple-ios.swiftmodule /Applications/Xcode.app/Contents/Developer/Toolchains/XcodeDefault.xctoolchain/usr/lib/swift/iphoneos/prebuilt-modules/26.2/Observation.swiftmodule/arm64e-apple-ios.swiftmodule /Applications/Xcode.app/Contents/Developer/Toolchains/XcodeDefault.xctoolchain/usr/lib/swift/iphoneos/prebuilt-modules/26.2/_Builtin_float.swiftmodule/arm64e-apple-ios.swiftmodule /Applications/Xcode.app/Contents/Developer/Toolchains/XcodeDefault.xctoolchain/usr/lib/swift/iphoneos/prebuilt-modules/26.2/Photos.swiftmodule/arm64e-apple-ios.swiftmodule /Applications/Xcode.app/Contents/Developer/Toolchains/XcodeDefault.xctoolchain/usr/lib/swift/iphoneos/prebuilt-modules/26.2/_DarwinFoundation1.swiftmodule/arm64e-apple-ios.swiftmodule /Applications/Xcode.app/Contents/Developer/Toolchains/XcodeDefault.xctoolchain/usr/lib/swift/iphoneos/prebuilt-modules/26.2/System.swiftmodule/arm64e-apple-ios.swiftmodule /Applications/Xcode.app/Contents/Developer/Toolchains/XcodeDefault.xctoolchain/usr/lib/swift/iphoneos/prebuilt-modules/26.2/os.swiftmodule/arm64e-apple-ios.swiftmodule /Applications/Xcode.app/Contents/Developer/Toolchains/XcodeDefault.xctoolchain/usr/lib/swift/iphoneos/prebuilt-modules/26.2/Network.swiftmodule/arm64e-apple-ios.swiftmodule /Applications/Xcode.app/Contents/Developer/Toolchains/XcodeDefault.xctoolchain/usr/lib/swift/iphoneos/prebuilt-modules/26.2/ObjectiveC.swiftmodule/arm64e-apple-ios.swiftmodule /Applications/Xcode.app/Contents/Developer/Toolchains/XcodeDefault.xctoolchain/usr/lib/swift/iphoneos/prebuilt-modules/26.2/UniformTypeIdentifiers.swiftmodule/arm64e-apple-ios.swiftmodule /Users/home/Library/Developer/Xcode/DerivedData/App-flzltcdmtckmrqcuxnypqsjuaodg/Build/Intermediates.noindex/ArchiveIntermediates/App/IntermediateBuildFilesPath/SwiftExplicitPrecompiledModules/Capacitor-2ZWRYN955UFB0.swiftmodule /Applications/Xcode.app/Contents/Developer/Toolchains/XcodeDefault.xctoolchain/usr/lib/swift/iphoneos/prebuilt-modules/26.2/AVFoundation.swiftmodule/arm64e-apple-ios.swiftmodule /Applications/Xcode.app/Contents/Developer/Toolchains/XcodeDefault.xctoolchain/usr/lib/swift/iphoneos/prebuilt-modules/26.2/_StringProcessing.swiftmodule/arm64e-apple-ios.swiftmodule /Applications/Xcode.app/Contents/Developer/Toolchains/XcodeDefault.xctoolchain/usr/lib/swift/iphoneos/prebuilt-modules/26.2/DataDetection.swiftmodule/arm64e-apple-ios.swiftmodule /Applications/Xcode.app/Contents/Developer/Toolchains/XcodeDefault.xctoolchain/usr/lib/swift/iphoneos/prebuilt-modules/26.2/Combine.swiftmodule/arm64e-apple-ios.swiftmodule /Applications/Xcode.app/Contents/Developer/Toolchains/XcodeDefault.xctoolchain/usr/lib/swift/iphoneos/prebuilt-modules/26.2/FileProvider.swiftmodule/arm64e-apple-ios.swiftmodule /Applications/Xcode.app/Contents/Developer/Toolchains/XcodeDefault.xctoolchain/usr/lib/swift/iphoneos/prebuilt-modules/26.2/CoreText.swiftmodule/arm64e-apple-ios.swiftmodule /Applications/Xcode.app/Contents/Developer/Toolchains/XcodeDefault.xctoolchain/usr/lib/swift/iphoneos/prebuilt-modules/26.2/ExtensionFoundation.swiftmodule/arm64e-apple-ios.swiftmodule /Applications/Xcode.app/Contents/Developer/Toolchains/XcodeDefault.xctoolchain/usr/lib/swift/iphoneos/prebuilt-modules/26.2/CoreFoundation.swiftmodule/arm64e-apple-ios.swiftmodule /Applications/Xcode.app/Contents/Developer/Toolchains/XcodeDefault.xctoolchain/usr/lib/swift/iphoneos/prebuilt-modules/26.2/CoreMedia.swiftmodule/arm64e-apple-ios.swiftmodule /Applications/Xcode.app/Contents/Developer/Toolchains/XcodeDefault.xctoolchain/usr/lib/swift/iphoneos/prebuilt-modules/26.2/simd.swiftmodule/arm64e-apple-ios.swiftmodule /Applications/Xcode.app/Contents/Developer/Toolchains/XcodeDefault.xctoolchain/usr/lib/swift/iphoneos/prebuilt-modules/26.2/_DarwinFoundation3.swiftmodule/arm64e-apple-ios.swiftmodule /Applications/Xcode.app/Contents/Developer/Toolchains/XcodeDefault.xctoolchain/usr/lib/swift/iphoneos/prebuilt-modules/26.2/CoreTransferable.swiftmodule/arm64e-apple-ios.swiftmodule /Applications/Xcode.app/Contents/Developer/Toolchains/XcodeDefault.xctoolchain/usr/lib/swift/iphoneos/prebuilt-modules/26.2/UIKit.swiftmodule/arm64e-apple-ios.swiftmodule /Applications/Xcode.app/Contents/Developer/Toolchains/XcodeDefault.xctoolchain/usr/lib/swift/iphoneos/prebuilt-modules/26.2/Accessibility.swiftmodule/arm64e-apple-ios.swiftmodule /Applications/Xcode.app/Contents/Developer/Toolchains/XcodeDefault.xctoolchain/usr/lib/swift/iphoneos/prebuilt-modules/26.2/Distributed.swiftmodule/arm64e-apple-ios.swiftmodule /Applications/Xcode.app/Contents/Developer/Toolchains/XcodeDefault.xctoolchain/usr/lib/swift/iphoneos/prebuilt-modules/26.2/AudioToolbox.swiftmodule/arm64e-apple-ios.swiftmodule /Applications/Xcode.app/Contents/Developer/Toolchains/XcodeDefault.xctoolchain/usr/lib/swift/iphoneos/prebuilt-modules/26.2/CoreImage.swiftmodule/arm64e-apple-ios.swiftmodule /Applications/Xcode.app/Contents/Developer/Toolchains/XcodeDefault.xctoolchain/usr/lib/swift/iphoneos/prebuilt-modules/26.2/Symbols.swiftmodule/arm64e-apple-ios.swiftmodule /Applications/Xcode.app/Contents/Developer/Toolchains/XcodeDefault.xctoolchain/usr/lib/swift/iphoneos/prebuilt-modules/26.2/Metal.swiftmodule/arm64e-apple-ios.swiftmodule /Applications/Xcode.app/Contents/Developer/Toolchains/XcodeDefault.xctoolchain/usr/lib/swift/iphoneos/prebuilt-modules/26.2/DeveloperToolsSupport.swiftmodule/arm64e-apple-ios.swiftmodule /Applications/Xcode.app/Contents/Developer/Toolchains/XcodeDefault.xctoolchain/usr/lib/swift/iphoneos/prebuilt-modules/26.2/CoreVideo.swiftmodule/arm64e-apple-ios.swiftmodule /Applications/Xcode.app/Contents/Developer/Toolchains/XcodeDefault.xctoolchain/usr/lib/swift/iphoneos/prebuilt-modules/26.2/CoreMIDI.swiftmodule/arm64e-apple-ios.swiftmodule /Applications/Xcode.app/Contents/Developer/Toolchains/XcodeDefault.xctoolchain/usr/lib/swift/iphoneos/prebuilt-modules/26.2/CoreLocation.swiftmodule/arm64e-apple-ios.swiftmodule /Applications/Xcode.app/Contents/Developer/Toolchains/XcodeDefault.xctoolchain/usr/lib/swift/iphoneos/prebuilt-modules/26.2/SwiftUICore.swiftmodule/arm64e-apple-ios.swiftmodule /Applications/Xcode.app/Contents/Developer/Toolchains/XcodeDefault.xctoolchain/usr/lib/swift/iphoneos/prebuilt-modules/26.2/WebKit.swiftmodule/arm64e-apple-ios.swiftmodule /Applications/Xcode.app/Contents/Developer/Toolchains/XcodeDefault.xctoolchain/usr/lib/swift/iphoneos/prebuilt-modules/26.2/PhotosUI.swiftmodule/arm64e-apple-ios.swiftmodule /Applications/Xcode.app/Contents/Developer/Toolchains/XcodeDefault.xctoolchain/usr/lib/swift/iphoneos/prebuilt-modules/26.2/Synchronization.swiftmodule/arm64e-apple-ios.swiftmodule /Applications/Xcode.app/Contents/Developer/Toolchains/XcodeDefault.xctoolchain/usr/lib/swift/iphoneos/prebuilt-modules/26.2/_Concurrency.swiftmodule/arm64e-apple-ios.swiftmodule /Users/home/Library/Developer/Xcode/DerivedData/ModuleCache.noindex/UIUtilities-BPA8UDL9UTNXEFO6ARJIHJQEX.pcm /Users/home/Library/Developer/Xcode/DerivedData/ModuleCache.noindex/MachO-ET9VGD827LZD5JNS2IOESVNHA.pcm /Users/home/Library/Developer/Xcode/DerivedData/ModuleCache.noindex/sys_types-BCS00D63XBIO57KAK9J9F3O9K.pcm /Users/home/Library/Developer/Xcode/DerivedData/ModuleCache.noindex/Foundation-50NULZAE3QPMH6H36YJZSRGIJ.pcm /Users/home/Library/Developer/Xcode/DerivedData/App-flzltcdmtckmrqcuxnypqsjuaodg/Build/Intermediates.noindex/ArchiveIntermediates/App/IntermediateBuildFilesPath/SwiftExplicitPrecompiledModules/Cordova-APCOH1BM3IVSYLHIETVEZRQEY.pcm /Users/home/Library/Developer/Xcode/DerivedData/ModuleCache.noindex/Accessibility-1N8KNAPXH90UZ8LHBP02V98P9.pcm /Users/home/Library/Developer/Xcode/DerivedData/ModuleCache.noindex/_DarwinFoundation3-CYUWGTE2XOPYDX5ZGHD36IZXB.pcm /Users/home/Library/Developer/Xcode/DerivedData/ModuleCache.noindex/_DarwinFoundation1-28YJ8ING3GKUF9W5NEAWQ9UF0.pcm /Users/home/Library/Developer/Xcode/DerivedData/ModuleCache.noindex/_Builtin_inttypes-1LSFWGVJ01N9E6T8GVIK2CMVB.pcm /Users/home/Library/Developer/Xcode/DerivedData/ModuleCache.noindex/UIKit-BCYRTL0AT5S6X8ZBL7QOAFB9N.pcm /Users/home/Library/Developer/Xcode/DerivedData/ModuleCache.noindex/CoreGraphics-7BID2A7UNYUDXF1ZK22LFANPC.pcm /Users/home/Library/Developer/Xcode/DerivedData/ModuleCache.noindex/_Builtin_limits-4A2D84HM6O6UJO6MBL3W2NJ1C.pcm /Users/home/Library/Developer/Xcode/DerivedData/ModuleCache.noindex/AVFoundation-5OXNP3IJI7YD75C6ZX3QESMS.pcm /Users/home/Library/Developer/Xcode/DerivedData/ModuleCache.noindex/QuartzCore-8USJ8664N1FT3TUFZNKXLM6TT.pcm /Users/home/Library/Developer/Xcode/DerivedData/ModuleCache.noindex/FileProvider-7OL0MSNKB0UHOCEPRJ0YRDVHR.pcm /Users/home/Library/Developer/Xcode/DerivedData/ModuleCache.noindex/CommonCrypto-BMXQHZE16S075H43IPV8P3FZF.pcm /Users/home/Library/Developer/Xcode/DerivedData/ModuleCache.noindex/ImageIO-757VLCW3Q8WT77OE3HG9FRC1Y.pcm /Users/home/Library/Developer/Xcode/DerivedData/ModuleCache.noindex/Photos-3GQ7D8BJ3A3589ERD2W3TBSUS.pcm /Users/home/Library/Developer/Xcode/DerivedData/ModuleCache.noindex/CoreAudio-58TCPNMYITKOX5E64B21YLN6L.pcm /Users/home/Library/Developer/Xcode/DerivedData/ModuleCache.noindex/Metal-207MPAY1Q61FNTANECABSQIND.pcm /Users/home/Library/Developer/Xcode/DerivedData/ModuleCache.noindex/IOSurface-9R06T5YECFEYNXNFOG5DDKPG4.pcm /Users/home/Library/Developer/Xcode/DerivedData/ModuleCache.noindex/_Builtin_stddef-573RA6V1FNUPHWC9W6THIQM7F.pcm /Users/home/Library/Developer/Xcode/DerivedData/ModuleCache.noindex/CoreFoundation-1M5RTKM4UIETGK2TXE7NRONUQ.pcm /Users/home/Library/Developer/Xcode/DerivedData/ModuleCache.noindex/_LocationEssentials-EGXB5J8PYESJ6UYBXRKO83HJ8.pcm /Users/home/Library/Developer/Xcode/DerivedData/ModuleCache.noindex/_Builtin_stdatomic-6GB4YRLDVUSW7UBVFCXA3N6L6.pcm /Users/home/Library/Developer/Xcode/DerivedData/App-flzltcdmtckmrqcuxnypqsjuaodg/Build/Intermediates.noindex/ArchiveIntermediates/App/IntermediateBuildFilesPath/SwiftExplicitPrecompiledModules/Capacitor-7M13W3BK7X75KXJJUHR0CM2GC.pcm /Users/home/Library/Developer/Xcode/DerivedData/ModuleCache.noindex/CoreMIDI-EIGLGQXPP2M3SNK97PPBYVEX4.pcm /Users/home/Library/Developer/Xcode/DerivedData/ModuleCache.noindex/CoreAudioTypes-5KJACE0EVD5A8FMRKUYHLNPRV.pcm /Users/home/Library/Developer/Xcode/DerivedData/ModuleCache.noindex/DeveloperToolsSupport-121DM7D9ABUTXLJ6TNCG040KC.pcm /Users/home/Library/Developer/Xcode/DerivedData/ModuleCache.noindex/_AvailabilityInternal-9WJUUMH71RV5E04MFKJDXXSTV.pcm /Users/home/Library/Developer/Xcode/DerivedData/ModuleCache.noindex/Symbols-2DRGH88R1EAU4XI0X55SZRM7G.pcm /Users/home/Library/Developer/Xcode/DerivedData/ModuleCache.noindex/ptrcheck-NXSUU16KIX4MVTLMF6FMR9H7.pcm /Users/home/Library/Developer/Xcode/DerivedData/ModuleCache.noindex/_Builtin_float-BAU1GB736W5ZK1FXROCR5PAO8.pcm /Users/home/Library/Developer/Xcode/DerivedData/ModuleCache.noindex/CoreImage-A7U60N19HE9NAPM0KFUGDCE1W.pcm /Users/home/Library/Developer/Xcode/DerivedData/ModuleCache.noindex/ObjectiveC-9504D4Q47NRM55DNR6T1HDK6Z.pcm /Users/home/Library/Developer/Xcode/DerivedData/ModuleCache.noindex/PhotosUI-EFV6WWIAEID23UF4T0V80ZZO5.pcm /Users/home/Library/Developer/Xcode/DerivedData/ModuleCache.noindex/CoreMedia-9HBO8LEHF88LDFLXWKJP7NMKC.pcm /Users/home/Library/Developer/Xcode/DerivedData/ModuleCache.noindex/Security-51RUOSFFCQTX9190MLDPGQT0O.pcm /Users/home/Library/Developer/Xcode/DerivedData/ModuleCache.noindex/Network-B38AQHVYOV4VC6OVX54XS00DZ.pcm /Users/home/Library/Developer/Xcode/DerivedData/ModuleCache.noindex/Darwin-E31UGTGU3JKN3SAV2QWQDUUYE.pcm /Users/home/Library/Developer/Xcode/DerivedData/ModuleCache.noindex/_DarwinFoundation2-A2JINAACIXEEV6GIQMUKT9MPY.pcm /Users/home/Library/Developer/Xcode/DerivedData/ModuleCache.noindex/OSLog-BSVIR7LOI6AVE0C0Y4OFX9ZC1.pcm /Users/home/Library/Developer/Xcode/DerivedData/ModuleCache.noindex/MediaToolbox-CTPF9PS04HXFUGPPSOC77RYR0.pcm /Users/home/Library/Developer/Xcode/DerivedData/ModuleCache.noindex/CoreVideo-CZ6HL0Z3KCQIUV0LJFY1TZJ7B.pcm /Users/home/Library/Developer/Xcode/DerivedData/ModuleCache.noindex/CoreTransferable-878JD1IFH1ARE24TW6GTN4Z8G.pcm /Users/home/Library/Developer/Xcode/DerivedData/ModuleCache.noindex/ptrauth-5W6PF4V55QLLM8V1ASE6AFFJC.pcm /Users/home/Library/Developer/Xcode/DerivedData/ModuleCache.noindex/os_object-DEDBNRQ8Z41N91GGX8JE37RUV.pcm /Users/home/Library/Developer/Xcode/DerivedData/ModuleCache.noindex/_Builtin_stdarg-AJF6O3GRGXN1H32X8WEYWOPG1.pcm /Users/home/Library/Developer/Xcode/DerivedData/ModuleCache.noindex/DataDetection-6FO84M8XPAZQXVQ6X4X9955G7.pcm /Users/home/Library/Developer/Xcode/DerivedData/ModuleCache.noindex/ExtensionFoundation-DLD5AZZYNU34J7RYJF1JUMDCV.pcm /Users/home/Library/Developer/Xcode/DerivedData/ModuleCache.noindex/XPC-A72VM4M6QTM2C4I17FCHLY0P7.pcm /Users/home/Library/Developer/Xcode/DerivedData/ModuleCache.noindex/UserNotifications-DY5D1WMPRHS0L7XDE81ILLAME.pcm /Users/home/Library/Developer/Xcode/DerivedData/ModuleCache.noindex/OpenGLES-8YWMUUL1HERAAANH1F58CVSDV.pcm /Users/home/Library/Developer/Xcode/DerivedData/ModuleCache.noindex/os-ENHOADOC83MQY55WUI6HFI0KJ.pcm /Users/home/Library/Developer/Xcode/DerivedData/ModuleCache.noindex/CoreText-6JCHK1F59VZPAWGZWU1BB9M0E.pcm /Users/home/Library/Developer/Xcode/DerivedData/ModuleCache.noindex/CFNetwork-9Q031NZDFOMZ3RUU9OV4Y72FE.pcm /Users/home/Library/Developer/Xcode/DerivedData/ModuleCache.noindex/AVRouting-7XQ107IWJ0RELZST9INPN5FUV.pcm /Users/home/Library/Developer/Xcode/DerivedData/ModuleCache.noindex/AVFAudio-D6H1NKSXVFJV5M0V3GPIW7OSE.pcm /Users/home/Library/Developer/Xcode/DerivedData/ModuleCache.noindex/simd-QE916RH7IRKTR5LXUJOXVAPS.pcm /Users/home/Library/Developer/Xcode/DerivedData/ModuleCache.noindex/SwiftShims-EVJ00P6W9UKFE4OMG1TVAYLV2.pcm /Users/home/Library/Developer/Xcode/DerivedData/ModuleCache.noindex/_SwiftConcurrencyShims-YAFWORF1LHZES4ZS2HB5PBNW.pcm /Users/home/Library/Developer/Xcode/DerivedData/ModuleCache.noindex/_Builtin_stdint-3WFD2XTLVP7HONDUYC1B50TIA.pcm /Users/home/Library/Developer/Xcode/DerivedData/ModuleCache.noindex/SwiftUICore-5C8BSQSAAGATTS8CIRRMXM1OR.pcm /Users/home/Library/Developer/Xcode/DerivedData/ModuleCache.noindex/UniformTypeIdentifiers-BJSM13U0EEO6451PLVN48U9MU.pcm /Users/home/Library/Developer/Xcode/DerivedData/ModuleCache.noindex/CoreLocation-6F3VS4I7M1VP7W2ZF9L1VH0RB.pcm /Users/home/Library/Developer/Xcode/DerivedData/ModuleCache.noindex/os_workgroup-GB2QF7HGSAMFZ8FJOAEWAD0I.pcm /Users/home/Library/Developer/Xcode/DerivedData/ModuleCache.noindex/AudioToolbox-E98DV5G4JT1F7QJP3IB92KTD1.pcm /Users/home/Library/Developer/Xcode/DerivedData/ModuleCache.noindex/_Builtin_stdbool-D31MHKDLLW726YJMT2VGLW6YI.pcm /Users/home/Library/Developer/Xcode/DerivedData/ModuleCache.noindex/_Builtin_intrinsics-B0NFL2XNSJ6ZIV7QW2M1QKEQL.pcm /Users/home/Library/Developer/Xcode/DerivedData/ModuleCache.noindex/WebKit-ANKQ42TXL0UIQ5MVAAUKJ7JER.pcm /Users/home/Library/Developer/Xcode/DerivedData/ModuleCache.noindex/dnssd-9QIQ7JNCD4R85HYJ7K65WC0Q9.pcm /Users/home/Library/Developer/Xcode/DerivedData/ModuleCache.noindex/Dispatch-BO2NIV0ME2JXKIO9KO5739WC8.pcm /Users/home/Library/Developer/Xcode/DerivedData/ModuleCache.noindex/_Builtin_tgmath-BFA475G1D7FI2OGIHH1UAW6W1.pcm /Users/home/Library/Developer/Xcode/DerivedData/App-flzltcdmtckmrqcuxnypqsjuaodg/Build/Intermediates.noindex/ArchiveIntermediates/App/IntermediateBuildFilesPath/CapacitorCamera.build/Release-iphoneos/CameraPlugin.build/Objects-normal/arm64/CameraPlugin-dependencies-1.json (in target 'CameraPlugin' from project 'CapacitorCamera')
CompileSwift normal arm64 (in target 'CameraPlugin' from project 'CapacitorCamera')
    cd /Users/home/Websites/petrabaptist/ios/App/App.xcodeproj
    

SwiftCompile normal arm64 Compiling\ Browser.swift,\ BrowserPlugin.swift /Users/home/Websites/petrabaptist/node_modules/@capacitor/browser/ios/Sources/BrowserPlugin/Browser.swift /Users/home/Websites/petrabaptist/node_modules/@capacitor/browser/ios/Sources/BrowserPlugin/BrowserPlugin.swift /Applications/Xcode.app/Contents/Developer/Toolchains/XcodeDefault.xctoolchain/usr/lib/swift/iphoneos/prebuilt-modules/26.2/SwiftUICore.swiftmodule/arm64e-apple-ios.swiftmodule /Applications/Xcode.app/Contents/Developer/Toolchains/XcodeDefault.xctoolchain/usr/lib/swift/iphoneos/prebuilt-modules/26.2/System.swiftmodule/arm64e-apple-ios.swiftmodule /Applications/Xcode.app/Contents/Developer/Toolchains/XcodeDefault.xctoolchain/usr/lib/swift/iphoneos/prebuilt-modules/26.2/Foundation.swiftmodule/arm64e-apple-ios.swiftmodule /Applications/Xcode.app/Contents/Developer/Toolchains/XcodeDefault.xctoolchain/usr/lib/swift/iphoneos/prebuilt-modules/26.2/WebKit.swiftmodule/arm64e-apple-ios.swiftmodule /Applications/Xcode.app/Contents/Developer/Toolchains/XcodeDefault.xctoolchain/usr/lib/swift/iphoneos/prebuilt-modules/26.2/Network.swiftmodule/arm64e-apple-ios.swiftmodule /Applications/Xcode.app/Contents/Developer/Toolchains/XcodeDefault.xctoolchain/usr/lib/swift/iphoneos/prebuilt-modules/26.2/FileProvider.swiftmodule/arm64e-apple-ios.swiftmodule /Applications/Xcode.app/Contents/Developer/Toolchains/XcodeDefault.xctoolchain/usr/lib/swift/iphoneos/prebuilt-modules/26.2/ObjectiveC.swiftmodule/arm64e-apple-ios.swiftmodule /Applications/Xcode.app/Contents/Developer/Toolchains/XcodeDefault.xctoolchain/usr/lib/swift/iphoneos/prebuilt-modules/26.2/Observation.swiftmodule/arm64e-apple-ios.swiftmodule /Applications/Xcode.app/Contents/Developer/Toolchains/XcodeDefault.xctoolchain/usr/lib/swift/iphoneos/prebuilt-modules/26.2/UIKit.swiftmodule/arm64e-apple-ios.swiftmodule /Applications/Xcode.app/Contents/Developer/Toolchains/XcodeDefault.xctoolchain/usr/lib/swift/iphoneos/prebuilt-modules/26.2/Distributed.swiftmodule/arm64e-apple-ios.swiftmodule /Applications/Xcode.app/Contents/Developer/Toolchains/XcodeDefault.xctoolchain/usr/lib/swift/iphoneos/prebuilt-modules/26.2/CoreTransferable.swiftmodule/arm64e-apple-ios.swiftmodule /Applications/Xcode.app/Contents/Developer/Toolchains/XcodeDefault.xctoolchain/usr/lib/swift/iphoneos/prebuilt-modules/26.2/_Concurrency.swiftmodule/arm64e-apple-ios.swiftmodule /Applications/Xcode.app/Contents/Developer/Toolchains/XcodeDefault.xctoolchain/usr/lib/swift/iphoneos/prebuilt-modules/26.2/CoreVideo.swiftmodule/arm64e-apple-ios.swiftmodule /Applications/Xcode.app/Contents/Developer/Toolchains/XcodeDefault.xctoolchain/usr/lib/swift/iphoneos/prebuilt-modules/26.2/_StringProcessing.swiftmodule/arm64e-apple-ios.swiftmodule /Applications/Xcode.app/Contents/Developer/Toolchains/XcodeDefault.xctoolchain/usr/lib/swift/iphoneos/prebuilt-modules/26.2/QuartzCore.swiftmodule/arm64e-apple-ios.swiftmodule /Applications/Xcode.app/Contents/Developer/Toolchains/XcodeDefault.xctoolchain/usr/lib/swift/iphoneos/prebuilt-modules/26.2/DataDetection.swiftmodule/arm64e-apple-ios.swiftmodule /Applications/Xcode.app/Contents/Developer/Toolchains/XcodeDefault.xctoolchain/usr/lib/swift/iphoneos/prebuilt-modules/26.2/AuthenticationServices.swiftmodule/arm64e-apple-ios.swiftmodule /Applications/Xcode.app/Contents/Developer/Toolchains/XcodeDefault.xctoolchain/usr/lib/swift/iphoneos/prebuilt-modules/26.2/Symbols.swiftmodule/arm64e-apple-ios.swiftmodule /Applications/Xcode.app/Contents/Developer/Toolchains/XcodeDefault.xctoolchain/usr/lib/swift/iphoneos/prebuilt-modules/26.2/Swift.swiftmodule/arm64e-apple-ios.swiftmodule /Applications/Xcode.app/Contents/Developer/Toolchains/XcodeDefault.xctoolchain/usr/lib/swift/iphoneos/prebuilt-modules/26.2/Combine.swiftmodule/arm64e-apple-ios.swiftmodule /Applications/Xcode.app/Contents/Developer/Toolchains/XcodeDefault.xctoolchain/usr/lib/swift/iphoneos/prebuilt-modules/26.2/_DarwinFoundation1.swiftmodule/arm64e-apple-ios.swiftmodule /Applications/Xcode.app/Contents/Developer/Toolchains/XcodeDefault.xctoolchain/usr/lib/swift/iphoneos/prebuilt-modules/26.2/Metal.swiftmodule/arm64e-apple-ios.swiftmodule /Applications/Xcode.app/Contents/Developer/Toolchains/XcodeDefault.xctoolchain/usr/lib/swift/iphoneos/prebuilt-modules/26.2/Darwin.swiftmodule/arm64e-apple-ios.swiftmodule /Applications/Xcode.app/Contents/Developer/Toolchains/XcodeDefault.xctoolchain/usr/lib/swift/iphoneos/prebuilt-modules/26.2/_Builtin_float.swiftmodule/arm64e-apple-ios.swiftmodule /Applications/Xcode.app/Contents/Developer/Toolchains/XcodeDefault.xctoolchain/usr/lib/swift/iphoneos/prebuilt-modules/26.2/XPC.swiftmodule/arm64e-apple-ios.swiftmodule /Applications/Xcode.app/Contents/Developer/Toolchains/XcodeDefault.xctoolchain/usr/lib/swift/iphoneos/prebuilt-modules/26.2/CoreGraphics.swiftmodule/arm64e-apple-ios.swiftmodule /Users/home/Library/Developer/Xcode/DerivedData/App-flzltcdmtckmrqcuxnypqsjuaodg/Build/Intermediates.noindex/ArchiveIntermediates/App/IntermediateBuildFilesPath/SwiftExplicitPrecompiledModules/Capacitor-2ZWRYN955UFB0.swiftmodule /Applications/Xcode.app/Contents/Developer/Toolchains/XcodeDefault.xctoolchain/usr/lib/swift/iphoneos/prebuilt-modules/26.2/os.swiftmodule/arm64e-apple-ios.swiftmodule /Applications/Xcode.app/Contents/Developer/Toolchains/XcodeDefault.xctoolchain/usr/lib/swift/iphoneos/prebuilt-modules/26.2/_DarwinFoundation3.swiftmodule/arm64e-apple-ios.swiftmodule /Applications/Xcode.app/Contents/Developer/Toolchains/XcodeDefault.xctoolchain/usr/lib/swift/iphoneos/prebuilt-modules/26.2/Accessibility.swiftmodule/arm64e-apple-ios.swiftmodule /Applications/Xcode.app/Contents/Developer/Toolchains/XcodeDefault.xctoolchain/usr/lib/swift/iphoneos/prebuilt-modules/26.2/SafariServices.swiftmodule/arm64e-apple-ios.swiftmodule /Applications/Xcode.app/Contents/Developer/Toolchains/XcodeDefault.xctoolchain/usr/lib/swift/iphoneos/prebuilt-modules/26.2/DeveloperToolsSupport.swiftmodule/arm64e-apple-ios.swiftmodule /Applications/Xcode.app/Contents/Developer/Toolchains/XcodeDefault.xctoolchain/usr/lib/swift/iphoneos/prebuilt-modules/26.2/UniformTypeIdentifiers.swiftmodule/arm64e-apple-ios.swiftmodule /Applications/Xcode.app/Contents/Developer/Toolchains/XcodeDefault.xctoolchain/usr/lib/swift/iphoneos/prebuilt-modules/26.2/CoreText.swiftmodule/arm64e-apple-ios.swiftmodule /Applications/Xcode.app/Contents/Developer/Toolchains/XcodeDefault.xctoolchain/usr/lib/swift/iphoneos/prebuilt-modules/26.2/CoreImage.swiftmodule/arm64e-apple-ios.swiftmodule /Applications/Xcode.app/Contents/Developer/Toolchains/XcodeDefault.xctoolchain/usr/lib/swift/iphoneos/prebuilt-modules/26.2/Dispatch.swiftmodule/arm64e-apple-ios.swiftmodule /Applications/Xcode.app/Contents/Developer/Toolchains/XcodeDefault.xctoolchain/usr/lib/swift/iphoneos/prebuilt-modules/26.2/LocalAuthentication.swiftmodule/arm64e-apple-ios.swiftmodule /Applications/Xcode.app/Contents/Developer/Toolchains/XcodeDefault.xctoolchain/usr/lib/swift/iphoneos/prebuilt-modules/26.2/CoreFoundation.swiftmodule/arm64e-apple-ios.swiftmodule /Applications/Xcode.app/Contents/Developer/Toolchains/XcodeDefault.xctoolchain/usr/lib/swift/iphoneos/prebuilt-modules/26.2/_DarwinFoundation2.swiftmodule/arm64e-apple-ios.swiftmodule /Applications/Xcode.app/Contents/Developer/Toolchains/XcodeDefault.xctoolchain/usr/lib/swift/iphoneos/prebuilt-modules/26.2/CryptoKit.swiftmodule/arm64e-apple-ios.swiftmodule /Applications/Xcode.app/Contents/Developer/Toolchains/XcodeDefault.xctoolchain/usr/lib/swift/iphoneos/prebuilt-modules/26.2/OSLog.swiftmodule/arm64e-apple-ios.swiftmodule /Users/home/Library/Developer/Xcode/DerivedData/ModuleCache.noindex/_Builtin_stdarg-AJF6O3GRGXN1H32X8WEYWOPG1.pcm /Users/home/Library/Developer/Xcode/DerivedData/ModuleCache.noindex/OSLog-BSVIR7LOI6AVE0C0Y4OFX9ZC1.pcm /Users/home/Library/Developer/Xcode/DerivedData/ModuleCache.noindex/IOSurface-9R06T5YECFEYNXNFOG5DDKPG4.pcm /Users/home/Library/Developer/Xcode/DerivedData/ModuleCache.noindex/_DarwinFoundation1-28YJ8ING3GKUF9W5NEAWQ9UF0.pcm /Users/home/Library/Developer/Xcode/DerivedData/ModuleCache.noindex/OpenGLES-8YWMUUL1HERAAANH1F58CVSDV.pcm /Users/home/Library/Developer/Xcode/DerivedData/ModuleCache.noindex/SwiftShims-EVJ00P6W9UKFE4OMG1TVAYLV2.pcm /Users/home/Library/Developer/Xcode/DerivedData/ModuleCache.noindex/dnssd-9QIQ7JNCD4R85HYJ7K65WC0Q9.pcm /Users/home/Library/Developer/Xcode/DerivedData/App-flzltcdmtckmrqcuxnypqsjuaodg/Build/Intermediates.noindex/ArchiveIntermediates/App/IntermediateBuildFilesPath/SwiftExplicitPrecompiledModules/Capacitor-7M13W3BK7X75KXJJUHR0CM2GC.pcm /Users/home/Library/Developer/Xcode/DerivedData/ModuleCache.noindex/Network-B38AQHVYOV4VC6OVX54XS00DZ.pcm /Users/home/Library/Developer/Xcode/DerivedData/ModuleCache.noindex/sys_types-BCS00D63XBIO57KAK9J9F3O9K.pcm /Users/home/Library/Developer/Xcode/DerivedData/ModuleCache.noindex/Darwin-E31UGTGU3JKN3SAV2QWQDUUYE.pcm /Users/home/Library/Developer/Xcode/DerivedData/ModuleCache.noindex/_Builtin_inttypes-1LSFWGVJ01N9E6T8GVIK2CMVB.pcm /Users/home/Library/Developer/Xcode/DerivedData/ModuleCache.noindex/_Builtin_stdbool-D31MHKDLLW726YJMT2VGLW6YI.pcm /Users/home/Library/Developer/Xcode/DerivedData/ModuleCache.noindex/Dispatch-BO2NIV0ME2JXKIO9KO5739WC8.pcm /Users/home/Library/Developer/Xcode/DerivedData/ModuleCache.noindex/_SwiftConcurrencyShims-YAFWORF1LHZES4ZS2HB5PBNW.pcm /Users/home/Library/Developer/Xcode/DerivedData/ModuleCache.noindex/_DarwinFoundation2-A2JINAACIXEEV6GIQMUKT9MPY.pcm /Users/home/Library/Developer/Xcode/DerivedData/ModuleCache.noindex/Symbols-2DRGH88R1EAU4XI0X55SZRM7G.pcm /Users/home/Library/Developer/Xcode/DerivedData/ModuleCache.noindex/CoreImage-A7U60N19HE9NAPM0KFUGDCE1W.pcm /Users/home/Library/Developer/Xcode/DerivedData/ModuleCache.noindex/CoreGraphics-7BID2A7UNYUDXF1ZK22LFANPC.pcm /Users/home/Library/Developer/Xcode/DerivedData/ModuleCache.noindex/MachO-ET9VGD827LZD5JNS2IOESVNHA.pcm /Users/home/Library/Developer/Xcode/DerivedData/ModuleCache.noindex/ImageIO-757VLCW3Q8WT77OE3HG9FRC1Y.pcm /Users/home/Library/Developer/Xcode/DerivedData/ModuleCache.noindex/Accessibility-1N8KNAPXH90UZ8LHBP02V98P9.pcm /Users/home/Library/Developer/Xcode/DerivedData/ModuleCache.noindex/SafariServices-9CESP5UUMGDC9W51X4PJGABIS.pcm /Users/home/Library/Developer/Xcode/DerivedData/ModuleCache.noindex/UserNotifications-DY5D1WMPRHS0L7XDE81ILLAME.pcm /Users/home/Library/Developer/Xcode/DerivedData/ModuleCache.noindex/FileProvider-7OL0MSNKB0UHOCEPRJ0YRDVHR.pcm /Users/home/Library/Developer/Xcode/DerivedData/ModuleCache.noindex/_Builtin_stdatomic-6GB4YRLDVUSW7UBVFCXA3N6L6.pcm /Users/home/Library/Developer/Xcode/DerivedData/ModuleCache.noindex/os_object-DEDBNRQ8Z41N91GGX8JE37RUV.pcm /Users/home/Library/Developer/Xcode/DerivedData/ModuleCache.noindex/CoreText-6JCHK1F59VZPAWGZWU1BB9M0E.pcm /Users/home/Library/Developer/Xcode/DerivedData/ModuleCache.noindex/UIUtilities-BPA8UDL9UTNXEFO6ARJIHJQEX.pcm /Users/home/Library/Developer/Xcode/DerivedData/ModuleCache.noindex/CFNetwork-9Q031NZDFOMZ3RUU9OV4Y72FE.pcm /Users/home/Library/Developer/Xcode/DerivedData/ModuleCache.noindex/_Builtin_float-BAU1GB736W5ZK1FXROCR5PAO8.pcm /Users/home/Library/Developer/Xcode/DerivedData/ModuleCache.noindex/CoreFoundation-1M5RTKM4UIETGK2TXE7NRONUQ.pcm /Users/home/Library/Developer/Xcode/DerivedData/ModuleCache.noindex/DataDetection-6FO84M8XPAZQXVQ6X4X9955G7.pcm /Users/home/Library/Developer/Xcode/DerivedData/ModuleCache.noindex/Foundation-50NULZAE3QPMH6H36YJZSRGIJ.pcm /Users/home/Library/Developer/Xcode/DerivedData/ModuleCache.noindex/AuthenticationServices-CSGPKCUVPVAAYT8LVIG95ZKSY.pcm /Users/home/Library/Developer/Xcode/DerivedData/ModuleCache.noindex/LocalAuthentication-AAJPZ5H4EEP4GZ2CKFT7VJESD.pcm /Users/home/Library/Developer/Xcode/DerivedData/ModuleCache.noindex/ObjectiveC-9504D4Q47NRM55DNR6T1HDK6Z.pcm /Users/home/Library/Developer/Xcode/DerivedData/ModuleCache.noindex/CoreVideo-CZ6HL0Z3KCQIUV0LJFY1TZJ7B.pcm /Users/home/Library/Developer/Xcode/DerivedData/ModuleCache.noindex/Metal-207MPAY1Q61FNTANECABSQIND.pcm /Users/home/Library/Developer/Xcode/DerivedData/ModuleCache.noindex/_Builtin_stdint-3WFD2XTLVP7HONDUYC1B50TIA.pcm /Users/home/Library/Developer/Xcode/DerivedData/ModuleCache.noindex/_AvailabilityInternal-9WJUUMH71RV5E04MFKJDXXSTV.pcm /Users/home/Library/Developer/Xcode/DerivedData/ModuleCache.noindex/os_workgroup-GB2QF7HGSAMFZ8FJOAEWAD0I.pcm /Users/home/Library/Developer/Xcode/DerivedData/ModuleCache.noindex/_Builtin_limits-4A2D84HM6O6UJO6MBL3W2NJ1C.pcm /Users/home/Library/Developer/Xcode/DerivedData/ModuleCache.noindex/ptrcheck-NXSUU16KIX4MVTLMF6FMR9H7.pcm /Users/home/Library/Developer/Xcode/DerivedData/ModuleCache.noindex/DeveloperToolsSupport-121DM7D9ABUTXLJ6TNCG040KC.pcm /Users/home/Library/Developer/Xcode/DerivedData/ModuleCache.noindex/_DarwinFoundation3-CYUWGTE2XOPYDX5ZGHD36IZXB.pcm /Users/home/Library/Developer/Xcode/DerivedData/ModuleCache.noindex/CommonCrypto-BMXQHZE16S075H43IPV8P3FZF.pcm /Users/home/Library/Developer/Xcode/DerivedData/App-flzltcdmtckmrqcuxnypqsjuaodg/Build/Intermediates.noindex/ArchiveIntermediates/App/IntermediateBuildFilesPath/SwiftExplicitPrecompiledModules/Cordova-APCOH1BM3IVSYLHIETVEZRQEY.pcm /Users/home/Library/Developer/Xcode/DerivedData/ModuleCache.noindex/_Builtin_stddef-573RA6V1FNUPHWC9W6THIQM7F.pcm /Users/home/Library/Developer/Xcode/DerivedData/ModuleCache.noindex/WebKit-ANKQ42TXL0UIQ5MVAAUKJ7JER.pcm /Users/home/Library/Developer/Xcode/DerivedData/ModuleCache.noindex/UniformTypeIdentifiers-BJSM13U0EEO6451PLVN48U9MU.pcm /Users/home/Library/Developer/Xcode/DerivedData/ModuleCache.noindex/SwiftUICore-5C8BSQSAAGATTS8CIRRMXM1OR.pcm /Users/home/Library/Developer/Xcode/DerivedData/ModuleCache.noindex/CoreTransferable-878JD1IFH1ARE24TW6GTN4Z8G.pcm /Users/home/Library/Developer/Xcode/DerivedData/ModuleCache.noindex/Security-51RUOSFFCQTX9190MLDPGQT0O.pcm /Users/home/Library/Developer/Xcode/DerivedData/ModuleCache.noindex/ptrauth-5W6PF4V55QLLM8V1ASE6AFFJC.pcm /Users/home/Library/Developer/Xcode/DerivedData/ModuleCache.noindex/os-ENHOADOC83MQY55WUI6HFI0KJ.pcm /Users/home/Library/Developer/Xcode/DerivedData/ModuleCache.noindex/UIKit-BCYRTL0AT5S6X8ZBL7QOAFB9N.pcm /Users/home/Library/Developer/Xcode/DerivedData/ModuleCache.noindex/XPC-A72VM4M6QTM2C4I17FCHLY0P7.pcm /Users/home/Library/Developer/Xcode/DerivedData/ModuleCache.noindex/QuartzCore-8USJ8664N1FT3TUFZNKXLM6TT.pcm /Users/home/Library/Developer/Xcode/DerivedData/App-flzltcdmtckmrqcuxnypqsjuaodg/Build/Intermediates.noindex/ArchiveIntermediates/App/IntermediateBuildFilesPath/CapacitorBrowser.build/Release-iphoneos/BrowserPlugin.build/Objects-normal/arm64/BrowserPlugin-dependencies-1.json (in target 'BrowserPlugin' from project 'CapacitorBrowser')

CompileSwift normal arm64 (in target 'BrowserPlugin' from project 'CapacitorBrowser')
    cd /Users/home/Websites/petrabaptist/ios/App/App.xcodeproj
    

SwiftDriverJobDiscovery normal arm64 Compiling Browser.swift, BrowserPlugin.swift (in target 'BrowserPlugin' from project 'CapacitorBrowser')

SwiftDriver\ Compilation\ Requirements BrowserPlugin normal arm64 com.apple.xcode.tools.swift.compiler (in target 'BrowserPlugin' from project 'CapacitorBrowser')
    cd /Users/home/Websites/petrabaptist/ios/App/App.xcodeproj
    builtin-Swift-Compilation-Requirements -- /Applications/Xcode.app/Contents/Developer/Toolchains/XcodeDefault.xctoolchain/usr/bin/swiftc -module-name BrowserPlugin -O -whole-module-optimization -enforce-exclusivity\=checked @/Users/home/Library/Developer/Xcode/DerivedData/App-flzltcdmtckmrqcuxnypqsjuaodg/Build/Intermediates.noindex/ArchiveIntermediates/App/IntermediateBuildFilesPath/CapacitorBrowser.build/Release-iphoneos/BrowserPlugin.build/Objects-normal/arm64/BrowserPlugin.SwiftFileList -DSWIFT_PACKAGE -DSWIFT_MODULE_RESOURCE_BUNDLE_UNAVAILABLE -DXcode -plugin-path /Applications/Xcode.app/Contents/Developer/Toolchains/XcodeDefault.xctoolchain/usr/lib/swift/host/plugins/testing -enable-experimental-feature DebugDescriptionMacro -sdk /Applications/Xcode.app/Contents/Developer/Platforms/iPhoneOS.platform/Developer/SDKs/iPhoneOS26.2.sdk -target arm64-apple-ios15.0 -g -module-cache-path /Users/home/Library/Developer/Xcode/DerivedData/ModuleCache.noindex -Xfrontend -serialize-debugging-options -suppress-warnings -swift-version 5 -I /Users/home/Library/Developer/Xcode/DerivedData/App-flzltcdmtckmrqcuxnypqsjuaodg/Build/Intermediates.noindex/ArchiveIntermediates/App/BuildProductsPath/Release-iphoneos -Isystem /Applications/Xcode.app/Contents/Developer/Platforms/iPhoneOS.platform/Developer/usr/lib -F /Users/home/Library/Developer/Xcode/DerivedData/App-flzltcdmtckmrqcuxnypqsjuaodg/Build/Intermediates.noindex/ArchiveIntermediates/App/BuildProductsPath/Release-iphoneos -F /Applications/Xcode.app/Contents/Developer/Platforms/iPhoneOS.platform/Developer/Library/Frameworks -F /Applications/Xcode.app/Contents/Developer/Platforms/iPhoneOS.platform/Developer/SDKs/iPhoneOS26.2.sdk/Developer/Library/Frameworks -c -num-threads 4 -Xcc -ivfsstatcache -Xcc /Users/home/Library/Developer/Xcode/DerivedData/SDKStatCaches.noindex/iphoneos26.2-23C57-3794476bd08197c3e2abd9bb477ef7f7.sdkstatcache -output-file-map /Users/home/Library/Developer/Xcode/DerivedData/App-flzltcdmtckmrqcuxnypqsjuaodg/Build/Intermediates.noindex/ArchiveIntermediates/App/IntermediateBuildFilesPath/CapacitorBrowser.build/Release-iphoneos/BrowserPlugin.build/Objects-normal/arm64/BrowserPlugin-OutputFileMap.json -use-frontend-parseable-output -save-temps -no-color-diagnostics -explicit-module-build -module-cache-path /Users/home/Library/Developer/Xcode/DerivedData/App-flzltcdmtckmrqcuxnypqsjuaodg/Build/Intermediates.noindex/ArchiveIntermediates/App/IntermediateBuildFilesPath/SwiftExplicitPrecompiledModules -clang-scanner-module-cache-path /Users/home/Library/Developer/Xcode/DerivedData/ModuleCache.noindex -sdk-module-cache-path /Users/home/Library/Developer/Xcode/DerivedData/ModuleCache.noindex -serialize-diagnostics -emit-dependencies -emit-module -emit-module-path /Users/home/Library/Developer/Xcode/DerivedData/App-flzltcdmtckmrqcuxnypqsjuaodg/Build/Intermediates.noindex/ArchiveIntermediates/App/IntermediateBuildFilesPath/CapacitorBrowser.build/Release-iphoneos/BrowserPlugin.build/Objects-normal/arm64/BrowserPlugin.swiftmodule -validate-clang-modules-once -clang-build-session-file /Users/home/Library/Developer/Xcode/DerivedData/ModuleCache.noindex/Session.modulevalidation -package-name browser -Xcc -I/Users/home/Library/Developer/Xcode/DerivedData/App-flzltcdmtckmrqcuxnypqsjuaodg/Build/Intermediates.noindex/ArchiveIntermediates/App/IntermediateBuildFilesPath/CapacitorBrowser.build/Release-iphoneos/BrowserPlugin.build/swift-overrides.hmap -emit-const-values -Xfrontend -const-gather-protocols-file -Xfrontend /Users/home/Library/Developer/Xcode/DerivedData/App-flzltcdmtckmrqcuxnypqsjuaodg/Build/Intermediates.noindex/ArchiveIntermediates/App/IntermediateBuildFilesPath/CapacitorBrowser.build/Release-iphoneos/BrowserPlugin.build/Objects-normal/arm64/BrowserPlugin_const_extract_protocols.json -Xcc -I/Users/home/Library/Developer/Xcode/DerivedData/App-flzltcdmtckmrqcuxnypqsjuaodg/Build/Intermediates.noindex/ArchiveIntermediates/App/BuildProductsPath/Release-iphoneos/include -Xcc -I/Users/home/Library/Developer/Xcode/DerivedData/App-flzltcdmtckmrqcuxnypqsjuaodg/Build/Intermediates.noindex/ArchiveIntermediates/App/IntermediateBuildFilesPath/CapacitorBrowser.build/Release-iphoneos/BrowserPlugin.build/DerivedSources-normal/arm64 -Xcc -I/Users/home/Library/Developer/Xcode/DerivedData/App-flzltcdmtckmrqcuxnypqsjuaodg/Build/Intermediates.noindex/ArchiveIntermediates/App/IntermediateBuildFilesPath/CapacitorBrowser.build/Release-iphoneos/BrowserPlugin.build/DerivedSources/arm64 -Xcc -I/Users/home/Library/Developer/Xcode/DerivedData/App-flzltcdmtckmrqcuxnypqsjuaodg/Build/Intermediates.noindex/ArchiveIntermediates/App/IntermediateBuildFilesPath/CapacitorBrowser.build/Release-iphoneos/BrowserPlugin.build/DerivedSources -Xcc -DSWIFT_PACKAGE -emit-objc-header -emit-objc-header-path /Users/home/Library/Developer/Xcode/DerivedData/App-flzltcdmtckmrqcuxnypqsjuaodg/Build/Intermediates.noindex/ArchiveIntermediates/App/IntermediateBuildFilesPath/CapacitorBrowser.build/Release-iphoneos/BrowserPlugin.build/Objects-normal/arm64/BrowserPlugin-Swift.h -working-directory /Users/home/Websites/petrabaptist/ios/App/App.xcodeproj -no-emit-module-separately-wmo

SwiftMergeGeneratedHeaders /Users/home/Library/Developer/Xcode/DerivedData/App-flzltcdmtckmrqcuxnypqsjuaodg/Build/Intermediates.noindex/ArchiveIntermediates/App/IntermediateBuildFilesPath/GeneratedModuleMaps-iphoneos/BrowserPlugin-Swift.h /Users/home/Library/Developer/Xcode/DerivedData/App-flzltcdmtckmrqcuxnypqsjuaodg/Build/Intermediates.noindex/ArchiveIntermediates/App/IntermediateBuildFilesPath/CapacitorBrowser.build/Release-iphoneos/BrowserPlugin.build/Objects-normal/arm64/BrowserPlugin-Swift.h (in target 'BrowserPlugin' from project 'CapacitorBrowser')
    cd /Users/home/Websites/petrabaptist/node_modules/@capacitor/browser
    builtin-swiftHeaderTool -arch arm64 /Users/home/Library/Developer/Xcode/DerivedData/App-flzltcdmtckmrqcuxnypqsjuaodg/Build/Intermediates.noindex/ArchiveIntermediates/App/IntermediateBuildFilesPath/CapacitorBrowser.build/Release-iphoneos/BrowserPlugin.build/Objects-normal/arm64/BrowserPlugin-Swift.h -o /Users/home/Library/Developer/Xcode/DerivedData/App-flzltcdmtckmrqcuxnypqsjuaodg/Build/Intermediates.noindex/ArchiveIntermediates/App/IntermediateBuildFilesPath/GeneratedModuleMaps-iphoneos/BrowserPlugin-Swift.h

Copy /Users/home/Library/Developer/Xcode/DerivedData/App-flzltcdmtckmrqcuxnypqsjuaodg/Build/Intermediates.noindex/ArchiveIntermediates/App/BuildProductsPath/Release-iphoneos/BrowserPlugin.swiftmodule/arm64-apple-ios.swiftmodule /Users/home/Library/Developer/Xcode/DerivedData/App-flzltcdmtckmrqcuxnypqsjuaodg/Build/Intermediates.noindex/ArchiveIntermediates/App/IntermediateBuildFilesPath/CapacitorBrowser.build/Release-iphoneos/BrowserPlugin.build/Objects-normal/arm64/BrowserPlugin.swiftmodule (in target 'BrowserPlugin' from project 'CapacitorBrowser')
    cd /Users/home/Websites/petrabaptist/node_modules/@capacitor/browser
    builtin-copy -exclude .DS_Store -exclude CVS -exclude .svn -exclude .git -exclude .hg -strip-unsigned-binaries -strip-deterministic -strip-tool /Applications/Xcode.app/Contents/Developer/Toolchains/XcodeDefault.xctoolchain/usr/bin/strip -resolve-src-symlinks -rename /Users/home/Library/Developer/Xcode/DerivedData/App-flzltcdmtckmrqcuxnypqsjuaodg/Build/Intermediates.noindex/ArchiveIntermediates/App/IntermediateBuildFilesPath/CapacitorBrowser.build/Release-iphoneos/BrowserPlugin.build/Objects-normal/arm64/BrowserPlugin.swiftmodule /Users/home/Library/Developer/Xcode/DerivedData/App-flzltcdmtckmrqcuxnypqsjuaodg/Build/Intermediates.noindex/ArchiveIntermediates/App/BuildProductsPath/Release-iphoneos/BrowserPlugin.swiftmodule/arm64-apple-ios.swiftmodule

Copy /Users/home/Library/Developer/Xcode/DerivedData/App-flzltcdmtckmrqcuxnypqsjuaodg/Build/Intermediates.noindex/ArchiveIntermediates/App/BuildProductsPath/Release-iphoneos/BrowserPlugin.swiftmodule/arm64-apple-ios.swiftdoc /Users/home/Library/Developer/Xcode/DerivedData/App-flzltcdmtckmrqcuxnypqsjuaodg/Build/Intermediates.noindex/ArchiveIntermediates/App/IntermediateBuildFilesPath/CapacitorBrowser.build/Release-iphoneos/BrowserPlugin.build/Objects-normal/arm64/BrowserPlugin.swiftdoc (in target 'BrowserPlugin' from project 'CapacitorBrowser')
    cd /Users/home/Websites/petrabaptist/node_modules/@capacitor/browser
    builtin-copy -exclude .DS_Store -exclude CVS -exclude .svn -exclude .git -exclude .hg -strip-unsigned-binaries -strip-deterministic -strip-tool /Applications/Xcode.app/Contents/Developer/Toolchains/XcodeDefault.xctoolchain/usr/bin/strip -resolve-src-symlinks -rename /Users/home/Library/Developer/Xcode/DerivedData/App-flzltcdmtckmrqcuxnypqsjuaodg/Build/Intermediates.noindex/ArchiveIntermediates/App/IntermediateBuildFilesPath/CapacitorBrowser.build/Release-iphoneos/BrowserPlugin.build/Objects-normal/arm64/BrowserPlugin.swiftdoc /Users/home/Library/Developer/Xcode/DerivedData/App-flzltcdmtckmrqcuxnypqsjuaodg/Build/Intermediates.noindex/ArchiveIntermediates/App/BuildProductsPath/Release-iphoneos/BrowserPlugin.swiftmodule/arm64-apple-ios.swiftdoc

Copy /Users/home/Library/Developer/Xcode/DerivedData/App-flzltcdmtckmrqcuxnypqsjuaodg/Build/Intermediates.noindex/ArchiveIntermediates/App/BuildProductsPath/Release-iphoneos/BrowserPlugin.swiftmodule/arm64-apple-ios.abi.json /Users/home/Library/Developer/Xcode/DerivedData/App-flzltcdmtckmrqcuxnypqsjuaodg/Build/Intermediates.noindex/ArchiveIntermediates/App/IntermediateBuildFilesPath/CapacitorBrowser.build/Release-iphoneos/BrowserPlugin.build/Objects-normal/arm64/BrowserPlugin.abi.json (in target 'BrowserPlugin' from project 'CapacitorBrowser')
    cd /Users/home/Websites/petrabaptist/node_modules/@capacitor/browser
    builtin-copy -exclude .DS_Store -exclude CVS -exclude .svn -exclude .git -exclude .hg -strip-unsigned-binaries -strip-deterministic -strip-tool /Applications/Xcode.app/Contents/Developer/Toolchains/XcodeDefault.xctoolchain/usr/bin/strip -resolve-src-symlinks -rename /Users/home/Library/Developer/Xcode/DerivedData/App-flzltcdmtckmrqcuxnypqsjuaodg/Build/Intermediates.noindex/ArchiveIntermediates/App/IntermediateBuildFilesPath/CapacitorBrowser.build/Release-iphoneos/BrowserPlugin.build/Objects-normal/arm64/BrowserPlugin.abi.json /Users/home/Library/Developer/Xcode/DerivedData/App-flzltcdmtckmrqcuxnypqsjuaodg/Build/Intermediates.noindex/ArchiveIntermediates/App/BuildProductsPath/Release-iphoneos/BrowserPlugin.swiftmodule/arm64-apple-ios.abi.json

Ld /Users/home/Library/Developer/Xcode/DerivedData/App-flzltcdmtckmrqcuxnypqsjuaodg/Build/Intermediates.noindex/ArchiveIntermediates/App/IntermediateBuildFilesPath/UninstalledProducts/iphoneos/BrowserPlugin.o normal (in target 'BrowserPlugin' from project 'CapacitorBrowser')
    cd /Users/home/Websites/petrabaptist/node_modules/@capacitor/browser
    /Applications/Xcode.app/Contents/Developer/Toolchains/XcodeDefault.xctoolchain/usr/bin/clang -Xlinker -reproducible -target arm64-apple-ios15.0 -r -isysroot /Applications/Xcode.app/Contents/Developer/Platforms/iPhoneOS.platform/Developer/SDKs/iPhoneOS26.2.sdk -Os -w -L/Users/home/Library/Developer/Xcode/DerivedData/App-flzltcdmtckmrqcuxnypqsjuaodg/Build/Intermediates.noindex/ArchiveIntermediates/App/IntermediateBuildFilesPath/EagerLinkingTBDs/Release-iphoneos -L/Users/home/Library/Developer/Xcode/DerivedData/App-flzltcdmtckmrqcuxnypqsjuaodg/Build/Intermediates.noindex/ArchiveIntermediates/App/BuildProductsPath/Release-iphoneos -L/Applications/Xcode.app/Contents/Developer/Platforms/iPhoneOS.platform/Developer/usr/lib -F/Users/home/Library/Developer/Xcode/DerivedData/App-flzltcdmtckmrqcuxnypqsjuaodg/Build/Intermediates.noindex/ArchiveIntermediates/App/IntermediateBuildFilesPath/EagerLinkingTBDs/Release-iphoneos -F/Users/home/Library/Developer/Xcode/DerivedData/App-flzltcdmtckmrqcuxnypqsjuaodg/Build/Intermediates.noindex/ArchiveIntermediates/App/BuildProductsPath/Release-iphoneos -iframework /Applications/Xcode.app/Contents/Developer/Platforms/iPhoneOS.platform/Developer/Library/Frameworks -iframework /Applications/Xcode.app/Contents/Developer/Platforms/iPhoneOS.platform/Developer/SDKs/iPhoneOS26.2.sdk/Developer/Library/Frameworks -filelist /Users/home/Library/Developer/Xcode/DerivedData/App-flzltcdmtckmrqcuxnypqsjuaodg/Build/Intermediates.noindex/ArchiveIntermediates/App/IntermediateBuildFilesPath/CapacitorBrowser.build/Release-iphoneos/BrowserPlugin.build/Objects-normal/arm64/BrowserPlugin.LinkFileList -nostdlib -Xlinker -object_path_lto -Xlinker /Users/home/Library/Developer/Xcode/DerivedData/App-flzltcdmtckmrqcuxnypqsjuaodg/Build/Intermediates.noindex/ArchiveIntermediates/App/IntermediateBuildFilesPath/CapacitorBrowser.build/Release-iphoneos/BrowserPlugin.build/Objects-normal/arm64/BrowserPlugin_lto.o -Xlinker -dependency_info -Xlinker /Users/home/Library/Developer/Xcode/DerivedData/App-flzltcdmtckmrqcuxnypqsjuaodg/Build/Intermediates.noindex/ArchiveIntermediates/App/IntermediateBuildFilesPath/CapacitorBrowser.build/Release-iphoneos/BrowserPlugin.build/Objects-normal/arm64/BrowserPlugin_dependency_info.dat -fobjc-link-runtime -L/Applications/Xcode.app/Contents/Developer/Toolchains/XcodeDefault.xctoolchain/usr/lib/swift/iphoneos -L/usr/lib/swift -Xlinker -add_ast_path -Xlinker /Users/home/Library/Developer/Xcode/DerivedData/App-flzltcdmtckmrqcuxnypqsjuaodg/Build/Intermediates.noindex/ArchiveIntermediates/App/IntermediateBuildFilesPath/CapacitorBrowser.build/Release-iphoneos/BrowserPlugin.build/Objects-normal/arm64/BrowserPlugin.swiftmodule @/Users/home/Library/Developer/Xcode/DerivedData/App-flzltcdmtckmrqcuxnypqsjuaodg/Build/Intermediates.noindex/ArchiveIntermediates/App/IntermediateBuildFilesPath/CapacitorBrowser.build/Release-iphoneos/BrowserPlugin.build/Objects-normal/arm64/BrowserPlugin-linker-args.resp -o /Users/home/Library/Developer/Xcode/DerivedData/App-flzltcdmtckmrqcuxnypqsjuaodg/Build/Intermediates.noindex/ArchiveIntermediates/App/IntermediateBuildFilesPath/UninstalledProducts/iphoneos/BrowserPlugin.o

ExtractAppIntentsMetadata (in target 'BrowserPlugin' from project 'CapacitorBrowser')
    cd /Users/home/Websites/petrabaptist/node_modules/@capacitor/browser
    /Applications/Xcode.app/Contents/Developer/Toolchains/XcodeDefault.xctoolchain/usr/bin/appintentsmetadataprocessor --toolchain-dir /Applications/Xcode.app/Contents/Developer/Toolchains/XcodeDefault.xctoolchain --module-name BrowserPlugin --sdk-root /Applications/Xcode.app/Contents/Developer/Platforms/iPhoneOS.platform/Developer/SDKs/iPhoneOS26.2.sdk --xcode-version 17C519 --platform-family iOS --deployment-target 15.0 --bundle-identifier browser.BrowserPlugin --output /Users/home/Library/Developer/Xcode/DerivedData/App-flzltcdmtckmrqcuxnypqsjuaodg/Build/Intermediates.noindex/ArchiveIntermediates/App/IntermediateBuildFilesPath/UninstalledProducts/iphoneos/BrowserPlugin.appintents --target-triple arm64-apple-ios15.0 --binary-file /Users/home/Library/Developer/Xcode/DerivedData/App-flzltcdmtckmrqcuxnypqsjuaodg/Build/Intermediates.noindex/ArchiveIntermediates/App/IntermediateBuildFilesPath/UninstalledProducts/iphoneos/BrowserPlugin.o --dependency-file /Users/home/Library/Developer/Xcode/DerivedData/App-flzltcdmtckmrqcuxnypqsjuaodg/Build/Intermediates.noindex/ArchiveIntermediates/App/IntermediateBuildFilesPath/CapacitorBrowser.build/Release-iphoneos/BrowserPlugin.build/Objects-normal/arm64/BrowserPlugin_dependency_info.dat --stringsdata-file /Users/home/Library/Developer/Xcode/DerivedData/App-flzltcdmtckmrqcuxnypqsjuaodg/Build/Intermediates.noindex/ArchiveIntermediates/App/IntermediateBuildFilesPath/CapacitorBrowser.build/Release-iphoneos/BrowserPlugin.build/Objects-normal/arm64/ExtractedAppShortcutsMetadata.stringsdata --source-file-list /Users/home/Library/Developer/Xcode/DerivedData/App-flzltcdmtckmrqcuxnypqsjuaodg/Build/Intermediates.noindex/ArchiveIntermediates/App/IntermediateBuildFilesPath/CapacitorBrowser.build/Release-iphoneos/BrowserPlugin.build/Objects-normal/arm64/BrowserPlugin.SwiftFileList --metadata-file-list /Users/home/Library/Developer/Xcode/DerivedData/App-flzltcdmtckmrqcuxnypqsjuaodg/Build/Intermediates.noindex/ArchiveIntermediates/App/IntermediateBuildFilesPath/CapacitorBrowser.build/Release-iphoneos/BrowserPlugin.build/BrowserPlugin.DependencyMetadataFileList --static-metadata-file-list /Users/home/Library/Developer/Xcode/DerivedData/App-flzltcdmtckmrqcuxnypqsjuaodg/Build/Intermediates.noindex/ArchiveIntermediates/App/IntermediateBuildFilesPath/CapacitorBrowser.build/Release-iphoneos/BrowserPlugin.build/BrowserPlugin.DependencyStaticMetadataFileList --swift-const-vals-list /Users/home/Library/Developer/Xcode/DerivedData/App-flzltcdmtckmrqcuxnypqsjuaodg/Build/Intermediates.noindex/ArchiveIntermediates/App/IntermediateBuildFilesPath/CapacitorBrowser.build/Release-iphoneos/BrowserPlugin.build/Objects-normal/arm64/BrowserPlugin.SwiftConstValuesFileList --force --compile-time-extraction --deployment-aware-processing --validate-assistant-intents --no-app-shortcuts-localization
2026-09-07 17:33:10.449 appintentsmetadataprocessor[1152:12153424] Starting appintentsmetadataprocessor export
2026-09-07 17:33:16.036 appintentsmetadataprocessor[1152:12153424] Extracted no relevant App Intents symbols, skipping writing output

SwiftDriverJobDiscovery normal arm64 Compiling SplashScreen.swift, SplashScreenConfig.swift, SplashScreenPlugin.swift, SplashScreenSettings.swift (in target 'SplashScreenPlugin' from project 'CapacitorSplashScreen')

SwiftDriver\ Compilation\ Requirements SplashScreenPlugin normal arm64 com.apple.xcode.tools.swift.compiler (in target 'SplashScreenPlugin' from project 'CapacitorSplashScreen')
    cd /Users/home/Websites/petrabaptist/ios/App/App.xcodeproj
    builtin-Swift-Compilation-Requirements -- /Applications/Xcode.app/Contents/Developer/Toolchains/XcodeDefault.xctoolchain/usr/bin/swiftc -module-name SplashScreenPlugin -O -whole-module-optimization -enforce-exclusivity\=checked @/Users/home/Library/Developer/Xcode/DerivedData/App-flzltcdmtckmrqcuxnypqsjuaodg/Build/Intermediates.noindex/ArchiveIntermediates/App/IntermediateBuildFilesPath/CapacitorSplashScreen.build/Release-iphoneos/SplashScreenPlugin.build/Objects-normal/arm64/SplashScreenPlugin.SwiftFileList -DSWIFT_PACKAGE -DSWIFT_MODULE_RESOURCE_BUNDLE_UNAVAILABLE -DXcode -plugin-path /Applications/Xcode.app/Contents/Developer/Toolchains/XcodeDefault.xctoolchain/usr/lib/swift/host/plugins/testing -enable-experimental-feature DebugDescriptionMacro -sdk /Applications/Xcode.app/Contents/Developer/Platforms/iPhoneOS.platform/Developer/SDKs/iPhoneOS26.2.sdk -target arm64-apple-ios15.0 -g -module-cache-path /Users/home/Library/Developer/Xcode/DerivedData/ModuleCache.noindex -Xfrontend -serialize-debugging-options -suppress-warnings -swift-version 5 -I /Users/home/Library/Developer/Xcode/DerivedData/App-flzltcdmtckmrqcuxnypqsjuaodg/Build/Intermediates.noindex/ArchiveIntermediates/App/BuildProductsPath/Release-iphoneos -Isystem /Applications/Xcode.app/Contents/Developer/Platforms/iPhoneOS.platform/Developer/usr/lib -F /Users/home/Library/Developer/Xcode/DerivedData/App-flzltcdmtckmrqcuxnypqsjuaodg/Build/Intermediates.noindex/ArchiveIntermediates/App/BuildProductsPath/Release-iphoneos -F /Applications/Xcode.app/Contents/Developer/Platforms/iPhoneOS.platform/Developer/Library/Frameworks -F /Applications/Xcode.app/Contents/Developer/Platforms/iPhoneOS.platform/Developer/SDKs/iPhoneOS26.2.sdk/Developer/Library/Frameworks -c -num-threads 4 -Xcc -ivfsstatcache -Xcc /Users/home/Library/Developer/Xcode/DerivedData/SDKStatCaches.noindex/iphoneos26.2-23C57-3794476bd08197c3e2abd9bb477ef7f7.sdkstatcache -output-file-map /Users/home/Library/Developer/Xcode/DerivedData/App-flzltcdmtckmrqcuxnypqsjuaodg/Build/Intermediates.noindex/ArchiveIntermediates/App/IntermediateBuildFilesPath/CapacitorSplashScreen.build/Release-iphoneos/SplashScreenPlugin.build/Objects-normal/arm64/SplashScreenPlugin-OutputFileMap.json -use-frontend-parseable-output -save-temps -no-color-diagnostics -explicit-module-build -module-cache-path /Users/home/Library/Developer/Xcode/DerivedData/App-flzltcdmtckmrqcuxnypqsjuaodg/Build/Intermediates.noindex/ArchiveIntermediates/App/IntermediateBuildFilesPath/SwiftExplicitPrecompiledModules -clang-scanner-module-cache-path /Users/home/Library/Developer/Xcode/DerivedData/ModuleCache.noindex -sdk-module-cache-path /Users/home/Library/Developer/Xcode/DerivedData/ModuleCache.noindex -serialize-diagnostics -emit-dependencies -emit-module -emit-module-path /Users/home/Library/Developer/Xcode/DerivedData/App-flzltcdmtckmrqcuxnypqsjuaodg/Build/Intermediates.noindex/ArchiveIntermediates/App/IntermediateBuildFilesPath/CapacitorSplashScreen.build/Release-iphoneos/SplashScreenPlugin.build/Objects-normal/arm64/SplashScreenPlugin.swiftmodule -validate-clang-modules-once -clang-build-session-file /Users/home/Library/Developer/Xcode/DerivedData/ModuleCache.noindex/Session.modulevalidation -package-name splash_screen -Xcc -I/Users/home/Library/Developer/Xcode/DerivedData/App-flzltcdmtckmrqcuxnypqsjuaodg/Build/Intermediates.noindex/ArchiveIntermediates/App/IntermediateBuildFilesPath/CapacitorSplashScreen.build/Release-iphoneos/SplashScreenPlugin.build/swift-overrides.hmap -emit-const-values -Xfrontend -const-gather-protocols-file -Xfrontend /Users/home/Library/Developer/Xcode/DerivedData/App-flzltcdmtckmrqcuxnypqsjuaodg/Build/Intermediates.noindex/ArchiveIntermediates/App/IntermediateBuildFilesPath/CapacitorSplashScreen.build/Release-iphoneos/SplashScreenPlugin.build/Objects-normal/arm64/SplashScreenPlugin_const_extract_protocols.json -Xcc -I/Users/home/Library/Developer/Xcode/DerivedData/App-flzltcdmtckmrqcuxnypqsjuaodg/Build/Intermediates.noindex/ArchiveIntermediates/App/BuildProductsPath/Release-iphoneos/include -Xcc -I/Users/home/Library/Developer/Xcode/DerivedData/App-flzltcdmtckmrqcuxnypqsjuaodg/Build/Intermediates.noindex/ArchiveIntermediates/App/IntermediateBuildFilesPath/CapacitorSplashScreen.build/Release-iphoneos/SplashScreenPlugin.build/DerivedSources-normal/arm64 -Xcc -I/Users/home/Library/Developer/Xcode/DerivedData/App-flzltcdmtckmrqcuxnypqsjuaodg/Build/Intermediates.noindex/ArchiveIntermediates/App/IntermediateBuildFilesPath/CapacitorSplashScreen.build/Release-iphoneos/SplashScreenPlugin.build/DerivedSources/arm64 -Xcc -I/Users/home/Library/Developer/Xcode/DerivedData/App-flzltcdmtckmrqcuxnypqsjuaodg/Build/Intermediates.noindex/ArchiveIntermediates/App/IntermediateBuildFilesPath/CapacitorSplashScreen.build/Release-iphoneos/SplashScreenPlugin.build/DerivedSources -Xcc -DSWIFT_PACKAGE -emit-objc-header -emit-objc-header-path /Users/home/Library/Developer/Xcode/DerivedData/App-flzltcdmtckmrqcuxnypqsjuaodg/Build/Intermediates.noindex/ArchiveIntermediates/App/IntermediateBuildFilesPath/CapacitorSplashScreen.build/Release-iphoneos/SplashScreenPlugin.build/Objects-normal/arm64/SplashScreenPlugin-Swift.h -working-directory /Users/home/Websites/petrabaptist/ios/App/App.xcodeproj -no-emit-module-separately-wmo

SwiftMergeGeneratedHeaders /Users/home/Library/Developer/Xcode/DerivedData/App-flzltcdmtckmrqcuxnypqsjuaodg/Build/Intermediates.noindex/ArchiveIntermediates/App/IntermediateBuildFilesPath/GeneratedModuleMaps-iphoneos/SplashScreenPlugin-Swift.h /Users/home/Library/Developer/Xcode/DerivedData/App-flzltcdmtckmrqcuxnypqsjuaodg/Build/Intermediates.noindex/ArchiveIntermediates/App/IntermediateBuildFilesPath/CapacitorSplashScreen.build/Release-iphoneos/SplashScreenPlugin.build/Objects-normal/arm64/SplashScreenPlugin-Swift.h (in target 'SplashScreenPlugin' from project 'CapacitorSplashScreen')
    cd /Users/home/Websites/petrabaptist/node_modules/@capacitor/splash-screen
    builtin-swiftHeaderTool -arch arm64 /Users/home/Library/Developer/Xcode/DerivedData/App-flzltcdmtckmrqcuxnypqsjuaodg/Build/Intermediates.noindex/ArchiveIntermediates/App/IntermediateBuildFilesPath/CapacitorSplashScreen.build/Release-iphoneos/SplashScreenPlugin.build/Objects-normal/arm64/SplashScreenPlugin-Swift.h -o /Users/home/Library/Developer/Xcode/DerivedData/App-flzltcdmtckmrqcuxnypqsjuaodg/Build/Intermediates.noindex/ArchiveIntermediates/App/IntermediateBuildFilesPath/GeneratedModuleMaps-iphoneos/SplashScreenPlugin-Swift.h

Copy /Users/home/Library/Developer/Xcode/DerivedData/App-flzltcdmtckmrqcuxnypqsjuaodg/Build/Intermediates.noindex/ArchiveIntermediates/App/BuildProductsPath/Release-iphoneos/SplashScreenPlugin.swiftmodule/arm64-apple-ios.swiftmodule /Users/home/Library/Developer/Xcode/DerivedData/App-flzltcdmtckmrqcuxnypqsjuaodg/Build/Intermediates.noindex/ArchiveIntermediates/App/IntermediateBuildFilesPath/CapacitorSplashScreen.build/Release-iphoneos/SplashScreenPlugin.build/Objects-normal/arm64/SplashScreenPlugin.swiftmodule (in target 'SplashScreenPlugin' from project 'CapacitorSplashScreen')
    cd /Users/home/Websites/petrabaptist/node_modules/@capacitor/splash-screen
    builtin-copy -exclude .DS_Store -exclude CVS -exclude .svn -exclude .git -exclude .hg -strip-unsigned-binaries -strip-deterministic -strip-tool /Applications/Xcode.app/Contents/Developer/Toolchains/XcodeDefault.xctoolchain/usr/bin/strip -resolve-src-symlinks -rename /Users/home/Library/Developer/Xcode/DerivedData/App-flzltcdmtckmrqcuxnypqsjuaodg/Build/Intermediates.noindex/ArchiveIntermediates/App/IntermediateBuildFilesPath/CapacitorSplashScreen.build/Release-iphoneos/SplashScreenPlugin.build/Objects-normal/arm64/SplashScreenPlugin.swiftmodule /Users/home/Library/Developer/Xcode/DerivedData/App-flzltcdmtckmrqcuxnypqsjuaodg/Build/Intermediates.noindex/ArchiveIntermediates/App/BuildProductsPath/Release-iphoneos/SplashScreenPlugin.swiftmodule/arm64-apple-ios.swiftmodule

Copy /Users/home/Library/Developer/Xcode/DerivedData/App-flzltcdmtckmrqcuxnypqsjuaodg/Build/Intermediates.noindex/ArchiveIntermediates/App/BuildProductsPath/Release-iphoneos/SplashScreenPlugin.swiftmodule/arm64-apple-ios.swiftdoc /Users/home/Library/Developer/Xcode/DerivedData/App-flzltcdmtckmrqcuxnypqsjuaodg/Build/Intermediates.noindex/ArchiveIntermediates/App/IntermediateBuildFilesPath/CapacitorSplashScreen.build/Release-iphoneos/SplashScreenPlugin.build/Objects-normal/arm64/SplashScreenPlugin.swiftdoc (in target 'SplashScreenPlugin' from project 'CapacitorSplashScreen')
    cd /Users/home/Websites/petrabaptist/node_modules/@capacitor/splash-screen
    builtin-copy -exclude .DS_Store -exclude CVS -exclude .svn -exclude .git -exclude .hg -strip-unsigned-binaries -strip-deterministic -strip-tool /Applications/Xcode.app/Contents/Developer/Toolchains/XcodeDefault.xctoolchain/usr/bin/strip -resolve-src-symlinks -rename /Users/home/Library/Developer/Xcode/DerivedData/App-flzltcdmtckmrqcuxnypqsjuaodg/Build/Intermediates.noindex/ArchiveIntermediates/App/IntermediateBuildFilesPath/CapacitorSplashScreen.build/Release-iphoneos/SplashScreenPlugin.build/Objects-normal/arm64/SplashScreenPlugin.swiftdoc /Users/home/Library/Developer/Xcode/DerivedData/App-flzltcdmtckmrqcuxnypqsjuaodg/Build/Intermediates.noindex/ArchiveIntermediates/App/BuildProductsPath/Release-iphoneos/SplashScreenPlugin.swiftmodule/arm64-apple-ios.swiftdoc

Copy /Users/home/Library/Developer/Xcode/DerivedData/App-flzltcdmtckmrqcuxnypqsjuaodg/Build/Intermediates.noindex/ArchiveIntermediates/App/BuildProductsPath/Release-iphoneos/SplashScreenPlugin.swiftmodule/arm64-apple-ios.abi.json /Users/home/Library/Developer/Xcode/DerivedData/App-flzltcdmtckmrqcuxnypqsjuaodg/Build/Intermediates.noindex/ArchiveIntermediates/App/IntermediateBuildFilesPath/CapacitorSplashScreen.build/Release-iphoneos/SplashScreenPlugin.build/Objects-normal/arm64/SplashScreenPlugin.abi.json (in target 'SplashScreenPlugin' from project 'CapacitorSplashScreen')
    cd /Users/home/Websites/petrabaptist/node_modules/@capacitor/splash-screen
    builtin-copy -exclude .DS_Store -exclude CVS -exclude .svn -exclude .git -exclude .hg -strip-unsigned-binaries -strip-deterministic -strip-tool /Applications/Xcode.app/Contents/Developer/Toolchains/XcodeDefault.xctoolchain/usr/bin/strip -resolve-src-symlinks -rename /Users/home/Library/Developer/Xcode/DerivedData/App-flzltcdmtckmrqcuxnypqsjuaodg/Build/Intermediates.noindex/ArchiveIntermediates/App/IntermediateBuildFilesPath/CapacitorSplashScreen.build/Release-iphoneos/SplashScreenPlugin.build/Objects-normal/arm64/SplashScreenPlugin.abi.json /Users/home/Library/Developer/Xcode/DerivedData/App-flzltcdmtckmrqcuxnypqsjuaodg/Build/Intermediates.noindex/ArchiveIntermediates/App/BuildProductsPath/Release-iphoneos/SplashScreenPlugin.swiftmodule/arm64-apple-ios.abi.json

Ld /Users/home/Library/Developer/Xcode/DerivedData/App-flzltcdmtckmrqcuxnypqsjuaodg/Build/Intermediates.noindex/ArchiveIntermediates/App/IntermediateBuildFilesPath/UninstalledProducts/iphoneos/SplashScreenPlugin.o normal (in target 'SplashScreenPlugin' from project 'CapacitorSplashScreen')
    cd /Users/home/Websites/petrabaptist/node_modules/@capacitor/splash-screen
    /Applications/Xcode.app/Contents/Developer/Toolchains/XcodeDefault.xctoolchain/usr/bin/clang -Xlinker -reproducible -target arm64-apple-ios15.0 -r -isysroot /Applications/Xcode.app/Contents/Developer/Platforms/iPhoneOS.platform/Developer/SDKs/iPhoneOS26.2.sdk -Os -w -L/Users/home/Library/Developer/Xcode/DerivedData/App-flzltcdmtckmrqcuxnypqsjuaodg/Build/Intermediates.noindex/ArchiveIntermediates/App/IntermediateBuildFilesPath/EagerLinkingTBDs/Release-iphoneos -L/Users/home/Library/Developer/Xcode/DerivedData/App-flzltcdmtckmrqcuxnypqsjuaodg/Build/Intermediates.noindex/ArchiveIntermediates/App/BuildProductsPath/Release-iphoneos -L/Applications/Xcode.app/Contents/Developer/Platforms/iPhoneOS.platform/Developer/usr/lib -F/Users/home/Library/Developer/Xcode/DerivedData/App-flzltcdmtckmrqcuxnypqsjuaodg/Build/Intermediates.noindex/ArchiveIntermediates/App/IntermediateBuildFilesPath/EagerLinkingTBDs/Release-iphoneos -F/Users/home/Library/Developer/Xcode/DerivedData/App-flzltcdmtckmrqcuxnypqsjuaodg/Build/Intermediates.noindex/ArchiveIntermediates/App/BuildProductsPath/Release-iphoneos -iframework /Applications/Xcode.app/Contents/Developer/Platforms/iPhoneOS.platform/Developer/Library/Frameworks -iframework /Applications/Xcode.app/Contents/Developer/Platforms/iPhoneOS.platform/Developer/SDKs/iPhoneOS26.2.sdk/Developer/Library/Frameworks -filelist /Users/home/Library/Developer/Xcode/DerivedData/App-flzltcdmtckmrqcuxnypqsjuaodg/Build/Intermediates.noindex/ArchiveIntermediates/App/IntermediateBuildFilesPath/CapacitorSplashScreen.build/Release-iphoneos/SplashScreenPlugin.build/Objects-normal/arm64/SplashScreenPlugin.LinkFileList -nostdlib -Xlinker -object_path_lto -Xlinker /Users/home/Library/Developer/Xcode/DerivedData/App-flzltcdmtckmrqcuxnypqsjuaodg/Build/Intermediates.noindex/ArchiveIntermediates/App/IntermediateBuildFilesPath/CapacitorSplashScreen.build/Release-iphoneos/SplashScreenPlugin.build/Objects-normal/arm64/SplashScreenPlugin_lto.o -Xlinker -dependency_info -Xlinker /Users/home/Library/Developer/Xcode/DerivedData/App-flzltcdmtckmrqcuxnypqsjuaodg/Build/Intermediates.noindex/ArchiveIntermediates/App/IntermediateBuildFilesPath/CapacitorSplashScreen.build/Release-iphoneos/SplashScreenPlugin.build/Objects-normal/arm64/SplashScreenPlugin_dependency_info.dat -fobjc-link-runtime -L/Applications/Xcode.app/Contents/Developer/Toolchains/XcodeDefault.xctoolchain/usr/lib/swift/iphoneos -L/usr/lib/swift -Xlinker -add_ast_path -Xlinker /Users/home/Library/Developer/Xcode/DerivedData/App-flzltcdmtckmrqcuxnypqsjuaodg/Build/Intermediates.noindex/ArchiveIntermediates/App/IntermediateBuildFilesPath/CapacitorSplashScreen.build/Release-iphoneos/SplashScreenPlugin.build/Objects-normal/arm64/SplashScreenPlugin.swiftmodule @/Users/home/Library/Developer/Xcode/DerivedData/App-flzltcdmtckmrqcuxnypqsjuaodg/Build/Intermediates.noindex/ArchiveIntermediates/App/IntermediateBuildFilesPath/CapacitorSplashScreen.build/Release-iphoneos/SplashScreenPlugin.build/Objects-normal/arm64/SplashScreenPlugin-linker-args.resp -o /Users/home/Library/Developer/Xcode/DerivedData/App-flzltcdmtckmrqcuxnypqsjuaodg/Build/Intermediates.noindex/ArchiveIntermediates/App/IntermediateBuildFilesPath/UninstalledProducts/iphoneos/SplashScreenPlugin.o

ExtractAppIntentsMetadata (in target 'SplashScreenPlugin' from project 'CapacitorSplashScreen')
    cd /Users/home/Websites/petrabaptist/node_modules/@capacitor/splash-screen
    /Applications/Xcode.app/Contents/Developer/Toolchains/XcodeDefault.xctoolchain/usr/bin/appintentsmetadataprocessor --toolchain-dir /Applications/Xcode.app/Contents/Developer/Toolchains/XcodeDefault.xctoolchain --module-name SplashScreenPlugin --sdk-root /Applications/Xcode.app/Contents/Developer/Platforms/iPhoneOS.platform/Developer/SDKs/iPhoneOS26.2.sdk --xcode-version 17C519 --platform-family iOS --deployment-target 15.0 --bundle-identifier splash-screen.SplashScreenPlugin --output /Users/home/Library/Developer/Xcode/DerivedData/App-flzltcdmtckmrqcuxnypqsjuaodg/Build/Intermediates.noindex/ArchiveIntermediates/App/IntermediateBuildFilesPath/UninstalledProducts/iphoneos/SplashScreenPlugin.appintents --target-triple arm64-apple-ios15.0 --binary-file /Users/home/Library/Developer/Xcode/DerivedData/App-flzltcdmtckmrqcuxnypqsjuaodg/Build/Intermediates.noindex/ArchiveIntermediates/App/IntermediateBuildFilesPath/UninstalledProducts/iphoneos/SplashScreenPlugin.o --dependency-file /Users/home/Library/Developer/Xcode/DerivedData/App-flzltcdmtckmrqcuxnypqsjuaodg/Build/Intermediates.noindex/ArchiveIntermediates/App/IntermediateBuildFilesPath/CapacitorSplashScreen.build/Release-iphoneos/SplashScreenPlugin.build/Objects-normal/arm64/SplashScreenPlugin_dependency_info.dat --stringsdata-file /Users/home/Library/Developer/Xcode/DerivedData/App-flzltcdmtckmrqcuxnypqsjuaodg/Build/Intermediates.noindex/ArchiveIntermediates/App/IntermediateBuildFilesPath/CapacitorSplashScreen.build/Release-iphoneos/SplashScreenPlugin.build/Objects-normal/arm64/ExtractedAppShortcutsMetadata.stringsdata --source-file-list /Users/home/Library/Developer/Xcode/DerivedData/App-flzltcdmtckmrqcuxnypqsjuaodg/Build/Intermediates.noindex/ArchiveIntermediates/App/IntermediateBuildFilesPath/CapacitorSplashScreen.build/Release-iphoneos/SplashScreenPlugin.build/Objects-normal/arm64/SplashScreenPlugin.SwiftFileList --metadata-file-list /Users/home/Library/Developer/Xcode/DerivedData/App-flzltcdmtckmrqcuxnypqsjuaodg/Build/Intermediates.noindex/ArchiveIntermediates/App/IntermediateBuildFilesPath/CapacitorSplashScreen.build/Release-iphoneos/SplashScreenPlugin.build/SplashScreenPlugin.DependencyMetadataFileList --static-metadata-file-list /Users/home/Library/Developer/Xcode/DerivedData/App-flzltcdmtckmrqcuxnypqsjuaodg/Build/Intermediates.noindex/ArchiveIntermediates/App/IntermediateBuildFilesPath/CapacitorSplashScreen.build/Release-iphoneos/SplashScreenPlugin.build/SplashScreenPlugin.DependencyStaticMetadataFileList --swift-const-vals-list /Users/home/Library/Developer/Xcode/DerivedData/App-flzltcdmtckmrqcuxnypqsjuaodg/Build/Intermediates.noindex/ArchiveIntermediates/App/IntermediateBuildFilesPath/CapacitorSplashScreen.build/Release-iphoneos/SplashScreenPlugin.build/Objects-normal/arm64/SplashScreenPlugin.SwiftConstValuesFileList --force --compile-time-extraction --deployment-aware-processing --validate-assistant-intents --no-app-shortcuts-localization
2026-09-07 17:33:16.479 appintentsmetadataprocessor[1157:12153518] Starting appintentsmetadataprocessor export
2026-09-07 17:33:22.613 appintentsmetadataprocessor[1157:12153518] Extracted no relevant App Intents symbols, skipping writing output

SetOwnerAndGroup home:staff /Users/home/Library/Developer/Xcode/DerivedData/App-flzltcdmtckmrqcuxnypqsjuaodg/Build/Intermediates.noindex/ArchiveIntermediates/App/IntermediateBuildFilesPath/UninstalledProducts/iphoneos/BrowserPlugin.o (in target 'BrowserPlugin' from project 'CapacitorBrowser')
    cd /Users/home/Websites/petrabaptist/node_modules/@capacitor/browser
    /usr/sbin/chown -RH home:staff /Users/home/Library/Developer/Xcode/DerivedData/App-flzltcdmtckmrqcuxnypqsjuaodg/Build/Intermediates.noindex/ArchiveIntermediates/App/IntermediateBuildFilesPath/UninstalledProducts/iphoneos/BrowserPlugin.o

SetMode u+w,go-w,a+rX /Users/home/Library/Developer/Xcode/DerivedData/App-flzltcdmtckmrqcuxnypqsjuaodg/Build/Intermediates.noindex/ArchiveIntermediates/App/IntermediateBuildFilesPath/UninstalledProducts/iphoneos/BrowserPlugin.o (in target 'BrowserPlugin' from project 'CapacitorBrowser')
    cd /Users/home/Websites/petrabaptist/node_modules/@capacitor/browser
    /bin/chmod -RH u+w,go-w,a+rX /Users/home/Library/Developer/Xcode/DerivedData/App-flzltcdmtckmrqcuxnypqsjuaodg/Build/Intermediates.noindex/ArchiveIntermediates/App/IntermediateBuildFilesPath/UninstalledProducts/iphoneos/BrowserPlugin.o

RegisterExecutionPolicyException /Users/home/Library/Developer/Xcode/DerivedData/App-flzltcdmtckmrqcuxnypqsjuaodg/Build/Intermediates.noindex/ArchiveIntermediates/App/IntermediateBuildFilesPath/UninstalledProducts/iphoneos/BrowserPlugin.o (in target 'BrowserPlugin' from project 'CapacitorBrowser')
    cd /Users/home/Websites/petrabaptist/node_modules/@capacitor/browser
    builtin-RegisterExecutionPolicyException /Users/home/Library/Developer/Xcode/DerivedData/App-flzltcdmtckmrqcuxnypqsjuaodg/Build/Intermediates.noindex/ArchiveIntermediates/App/IntermediateBuildFilesPath/UninstalledProducts/iphoneos/BrowserPlugin.o

SetOwnerAndGroup home:staff /Users/home/Library/Developer/Xcode/DerivedData/App-flzltcdmtckmrqcuxnypqsjuaodg/Build/Intermediates.noindex/ArchiveIntermediates/App/IntermediateBuildFilesPath/UninstalledProducts/iphoneos/SplashScreenPlugin.o (in target 'SplashScreenPlugin' from project 'CapacitorSplashScreen')
    cd /Users/home/Websites/petrabaptist/node_modules/@capacitor/splash-screen
    /usr/sbin/chown -RH home:staff /Users/home/Library/Developer/Xcode/DerivedData/App-flzltcdmtckmrqcuxnypqsjuaodg/Build/Intermediates.noindex/ArchiveIntermediates/App/IntermediateBuildFilesPath/UninstalledProducts/iphoneos/SplashScreenPlugin.o

SetMode u+w,go-w,a+rX /Users/home/Library/Developer/Xcode/DerivedData/App-flzltcdmtckmrqcuxnypqsjuaodg/Build/Intermediates.noindex/ArchiveIntermediates/App/IntermediateBuildFilesPath/UninstalledProducts/iphoneos/SplashScreenPlugin.o (in target 'SplashScreenPlugin' from project 'CapacitorSplashScreen')
    cd /Users/home/Websites/petrabaptist/node_modules/@capacitor/splash-screen
    /bin/chmod -RH u+w,go-w,a+rX /Users/home/Library/Developer/Xcode/DerivedData/App-flzltcdmtckmrqcuxnypqsjuaodg/Build/Intermediates.noindex/ArchiveIntermediates/App/IntermediateBuildFilesPath/UninstalledProducts/iphoneos/SplashScreenPlugin.o

RegisterExecutionPolicyException /Users/home/Library/Developer/Xcode/DerivedData/App-flzltcdmtckmrqcuxnypqsjuaodg/Build/Intermediates.noindex/ArchiveIntermediates/App/IntermediateBuildFilesPath/UninstalledProducts/iphoneos/SplashScreenPlugin.o (in target 'SplashScreenPlugin' from project 'CapacitorSplashScreen')
    cd /Users/home/Websites/petrabaptist/node_modules/@capacitor/splash-screen
    builtin-RegisterExecutionPolicyException /Users/home/Library/Developer/Xcode/DerivedData/App-flzltcdmtckmrqcuxnypqsjuaodg/Build/Intermediates.noindex/ArchiveIntermediates/App/IntermediateBuildFilesPath/UninstalledProducts/iphoneos/SplashScreenPlugin.o

SwiftDriverJobDiscovery normal arm64 Compiling CameraExtensions.swift, CameraPlugin.swift, CameraTypes.swift, ImageSaver.swift (in target 'CameraPlugin' from project 'CapacitorCamera')

SwiftDriver\ Compilation\ Requirements CameraPlugin normal arm64 com.apple.xcode.tools.swift.compiler (in target 'CameraPlugin' from project 'CapacitorCamera')
    cd /Users/home/Websites/petrabaptist/ios/App/App.xcodeproj
    builtin-Swift-Compilation-Requirements -- /Applications/Xcode.app/Contents/Developer/Toolchains/XcodeDefault.xctoolchain/usr/bin/swiftc -module-name CameraPlugin -O -whole-module-optimization -enforce-exclusivity\=checked @/Users/home/Library/Developer/Xcode/DerivedData/App-flzltcdmtckmrqcuxnypqsjuaodg/Build/Intermediates.noindex/ArchiveIntermediates/App/IntermediateBuildFilesPath/CapacitorCamera.build/Release-iphoneos/CameraPlugin.build/Objects-normal/arm64/CameraPlugin.SwiftFileList -DSWIFT_PACKAGE -DSWIFT_MODULE_RESOURCE_BUNDLE_UNAVAILABLE -DXcode -plugin-path /Applications/Xcode.app/Contents/Developer/Toolchains/XcodeDefault.xctoolchain/usr/lib/swift/host/plugins/testing -enable-experimental-feature DebugDescriptionMacro -sdk /Applications/Xcode.app/Contents/Developer/Platforms/iPhoneOS.platform/Developer/SDKs/iPhoneOS26.2.sdk -target arm64-apple-ios15.0 -g -module-cache-path /Users/home/Library/Developer/Xcode/DerivedData/ModuleCache.noindex -Xfrontend -serialize-debugging-options -suppress-warnings -swift-version 5 -I /Users/home/Library/Developer/Xcode/DerivedData/App-flzltcdmtckmrqcuxnypqsjuaodg/Build/Intermediates.noindex/ArchiveIntermediates/App/BuildProductsPath/Release-iphoneos -Isystem /Applications/Xcode.app/Contents/Developer/Platforms/iPhoneOS.platform/Developer/usr/lib -F /Users/home/Library/Developer/Xcode/DerivedData/App-flzltcdmtckmrqcuxnypqsjuaodg/Build/Intermediates.noindex/ArchiveIntermediates/App/BuildProductsPath/Release-iphoneos -F /Applications/Xcode.app/Contents/Developer/Platforms/iPhoneOS.platform/Developer/Library/Frameworks -F /Applications/Xcode.app/Contents/Developer/Platforms/iPhoneOS.platform/Developer/SDKs/iPhoneOS26.2.sdk/Developer/Library/Frameworks -c -num-threads 4 -Xcc -ivfsstatcache -Xcc /Users/home/Library/Developer/Xcode/DerivedData/SDKStatCaches.noindex/iphoneos26.2-23C57-3794476bd08197c3e2abd9bb477ef7f7.sdkstatcache -output-file-map /Users/home/Library/Developer/Xcode/DerivedData/App-flzltcdmtckmrqcuxnypqsjuaodg/Build/Intermediates.noindex/ArchiveIntermediates/App/IntermediateBuildFilesPath/CapacitorCamera.build/Release-iphoneos/CameraPlugin.build/Objects-normal/arm64/CameraPlugin-OutputFileMap.json -use-frontend-parseable-output -save-temps -no-color-diagnostics -explicit-module-build -module-cache-path /Users/home/Library/Developer/Xcode/DerivedData/App-flzltcdmtckmrqcuxnypqsjuaodg/Build/Intermediates.noindex/ArchiveIntermediates/App/IntermediateBuildFilesPath/SwiftExplicitPrecompiledModules -clang-scanner-module-cache-path /Users/home/Library/Developer/Xcode/DerivedData/ModuleCache.noindex -sdk-module-cache-path /Users/home/Library/Developer/Xcode/DerivedData/ModuleCache.noindex -serialize-diagnostics -emit-dependencies -emit-module -emit-module-path /Users/home/Library/Developer/Xcode/DerivedData/App-flzltcdmtckmrqcuxnypqsjuaodg/Build/Intermediates.noindex/ArchiveIntermediates/App/IntermediateBuildFilesPath/CapacitorCamera.build/Release-iphoneos/CameraPlugin.build/Objects-normal/arm64/CameraPlugin.swiftmodule -validate-clang-modules-once -clang-build-session-file /Users/home/Library/Developer/Xcode/DerivedData/ModuleCache.noindex/Session.modulevalidation -package-name camera -Xcc -I/Users/home/Library/Developer/Xcode/DerivedData/App-flzltcdmtckmrqcuxnypqsjuaodg/Build/Intermediates.noindex/ArchiveIntermediates/App/IntermediateBuildFilesPath/CapacitorCamera.build/Release-iphoneos/CameraPlugin.build/swift-overrides.hmap -emit-const-values -Xfrontend -const-gather-protocols-file -Xfrontend /Users/home/Library/Developer/Xcode/DerivedData/App-flzltcdmtckmrqcuxnypqsjuaodg/Build/Intermediates.noindex/ArchiveIntermediates/App/IntermediateBuildFilesPath/CapacitorCamera.build/Release-iphoneos/CameraPlugin.build/Objects-normal/arm64/CameraPlugin_const_extract_protocols.json -Xcc -I/Users/home/Library/Developer/Xcode/DerivedData/App-flzltcdmtckmrqcuxnypqsjuaodg/Build/Intermediates.noindex/ArchiveIntermediates/App/BuildProductsPath/Release-iphoneos/include -Xcc -I/Users/home/Library/Developer/Xcode/DerivedData/App-flzltcdmtckmrqcuxnypqsjuaodg/Build/Intermediates.noindex/ArchiveIntermediates/App/IntermediateBuildFilesPath/CapacitorCamera.build/Release-iphoneos/CameraPlugin.build/DerivedSources-normal/arm64 -Xcc -I/Users/home/Library/Developer/Xcode/DerivedData/App-flzltcdmtckmrqcuxnypqsjuaodg/Build/Intermediates.noindex/ArchiveIntermediates/App/IntermediateBuildFilesPath/CapacitorCamera.build/Release-iphoneos/CameraPlugin.build/DerivedSources/arm64 -Xcc -I/Users/home/Library/Developer/Xcode/DerivedData/App-flzltcdmtckmrqcuxnypqsjuaodg/Build/Intermediates.noindex/ArchiveIntermediates/App/IntermediateBuildFilesPath/CapacitorCamera.build/Release-iphoneos/CameraPlugin.build/DerivedSources -Xcc -DSWIFT_PACKAGE -emit-objc-header -emit-objc-header-path /Users/home/Library/Developer/Xcode/DerivedData/App-flzltcdmtckmrqcuxnypqsjuaodg/Build/Intermediates.noindex/ArchiveIntermediates/App/IntermediateBuildFilesPath/CapacitorCamera.build/Release-iphoneos/CameraPlugin.build/Objects-normal/arm64/CameraPlugin-Swift.h -working-directory /Users/home/Websites/petrabaptist/ios/App/App.xcodeproj -no-emit-module-separately-wmo

SwiftMergeGeneratedHeaders /Users/home/Library/Developer/Xcode/DerivedData/App-flzltcdmtckmrqcuxnypqsjuaodg/Build/Intermediates.noindex/ArchiveIntermediates/App/IntermediateBuildFilesPath/GeneratedModuleMaps-iphoneos/CameraPlugin-Swift.h /Users/home/Library/Developer/Xcode/DerivedData/App-flzltcdmtckmrqcuxnypqsjuaodg/Build/Intermediates.noindex/ArchiveIntermediates/App/IntermediateBuildFilesPath/CapacitorCamera.build/Release-iphoneos/CameraPlugin.build/Objects-normal/arm64/CameraPlugin-Swift.h (in target 'CameraPlugin' from project 'CapacitorCamera')
    cd /Users/home/Websites/petrabaptist/node_modules/@capacitor/camera
    builtin-swiftHeaderTool -arch arm64 /Users/home/Library/Developer/Xcode/DerivedData/App-flzltcdmtckmrqcuxnypqsjuaodg/Build/Intermediates.noindex/ArchiveIntermediates/App/IntermediateBuildFilesPath/CapacitorCamera.build/Release-iphoneos/CameraPlugin.build/Objects-normal/arm64/CameraPlugin-Swift.h -o /Users/home/Library/Developer/Xcode/DerivedData/App-flzltcdmtckmrqcuxnypqsjuaodg/Build/Intermediates.noindex/ArchiveIntermediates/App/IntermediateBuildFilesPath/GeneratedModuleMaps-iphoneos/CameraPlugin-Swift.h

Copy /Users/home/Library/Developer/Xcode/DerivedData/App-flzltcdmtckmrqcuxnypqsjuaodg/Build/Intermediates.noindex/ArchiveIntermediates/App/BuildProductsPath/Release-iphoneos/CameraPlugin.swiftmodule/arm64-apple-ios.swiftmodule /Users/home/Library/Developer/Xcode/DerivedData/App-flzltcdmtckmrqcuxnypqsjuaodg/Build/Intermediates.noindex/ArchiveIntermediates/App/IntermediateBuildFilesPath/CapacitorCamera.build/Release-iphoneos/CameraPlugin.build/Objects-normal/arm64/CameraPlugin.swiftmodule (in target 'CameraPlugin' from project 'CapacitorCamera')
    cd /Users/home/Websites/petrabaptist/node_modules/@capacitor/camera
    builtin-copy -exclude .DS_Store -exclude CVS -exclude .svn -exclude .git -exclude .hg -strip-unsigned-binaries -strip-deterministic -strip-tool /Applications/Xcode.app/Contents/Developer/Toolchains/XcodeDefault.xctoolchain/usr/bin/strip -resolve-src-symlinks -rename /Users/home/Library/Developer/Xcode/DerivedData/App-flzltcdmtckmrqcuxnypqsjuaodg/Build/Intermediates.noindex/ArchiveIntermediates/App/IntermediateBuildFilesPath/CapacitorCamera.build/Release-iphoneos/CameraPlugin.build/Objects-normal/arm64/CameraPlugin.swiftmodule /Users/home/Library/Developer/Xcode/DerivedData/App-flzltcdmtckmrqcuxnypqsjuaodg/Build/Intermediates.noindex/ArchiveIntermediates/App/BuildProductsPath/Release-iphoneos/CameraPlugin.swiftmodule/arm64-apple-ios.swiftmodule

Copy /Users/home/Library/Developer/Xcode/DerivedData/App-flzltcdmtckmrqcuxnypqsjuaodg/Build/Intermediates.noindex/ArchiveIntermediates/App/BuildProductsPath/Release-iphoneos/CameraPlugin.swiftmodule/arm64-apple-ios.swiftdoc /Users/home/Library/Developer/Xcode/DerivedData/App-flzltcdmtckmrqcuxnypqsjuaodg/Build/Intermediates.noindex/ArchiveIntermediates/App/IntermediateBuildFilesPath/CapacitorCamera.build/Release-iphoneos/CameraPlugin.build/Objects-normal/arm64/CameraPlugin.swiftdoc (in target 'CameraPlugin' from project 'CapacitorCamera')
    cd /Users/home/Websites/petrabaptist/node_modules/@capacitor/camera
    builtin-copy -exclude .DS_Store -exclude CVS -exclude .svn -exclude .git -exclude .hg -strip-unsigned-binaries -strip-deterministic -strip-tool /Applications/Xcode.app/Contents/Developer/Toolchains/XcodeDefault.xctoolchain/usr/bin/strip -resolve-src-symlinks -rename /Users/home/Library/Developer/Xcode/DerivedData/App-flzltcdmtckmrqcuxnypqsjuaodg/Build/Intermediates.noindex/ArchiveIntermediates/App/IntermediateBuildFilesPath/CapacitorCamera.build/Release-iphoneos/CameraPlugin.build/Objects-normal/arm64/CameraPlugin.swiftdoc /Users/home/Library/Developer/Xcode/DerivedData/App-flzltcdmtckmrqcuxnypqsjuaodg/Build/Intermediates.noindex/ArchiveIntermediates/App/BuildProductsPath/Release-iphoneos/CameraPlugin.swiftmodule/arm64-apple-ios.swiftdoc

Copy /Users/home/Library/Developer/Xcode/DerivedData/App-flzltcdmtckmrqcuxnypqsjuaodg/Build/Intermediates.noindex/ArchiveIntermediates/App/BuildProductsPath/Release-iphoneos/CameraPlugin.swiftmodule/arm64-apple-ios.abi.json /Users/home/Library/Developer/Xcode/DerivedData/App-flzltcdmtckmrqcuxnypqsjuaodg/Build/Intermediates.noindex/ArchiveIntermediates/App/IntermediateBuildFilesPath/CapacitorCamera.build/Release-iphoneos/CameraPlugin.build/Objects-normal/arm64/CameraPlugin.abi.json (in target 'CameraPlugin' from project 'CapacitorCamera')
    cd /Users/home/Websites/petrabaptist/node_modules/@capacitor/camera
    builtin-copy -exclude .DS_Store -exclude CVS -exclude .svn -exclude .git -exclude .hg -strip-unsigned-binaries -strip-deterministic -strip-tool /Applications/Xcode.app/Contents/Developer/Toolchains/XcodeDefault.xctoolchain/usr/bin/strip -resolve-src-symlinks -rename /Users/home/Library/Developer/Xcode/DerivedData/App-flzltcdmtckmrqcuxnypqsjuaodg/Build/Intermediates.noindex/ArchiveIntermediates/App/IntermediateBuildFilesPath/CapacitorCamera.build/Release-iphoneos/CameraPlugin.build/Objects-normal/arm64/CameraPlugin.abi.json /Users/home/Library/Developer/Xcode/DerivedData/App-flzltcdmtckmrqcuxnypqsjuaodg/Build/Intermediates.noindex/ArchiveIntermediates/App/BuildProductsPath/Release-iphoneos/CameraPlugin.swiftmodule/arm64-apple-ios.abi.json

Ld /Users/home/Library/Developer/Xcode/DerivedData/App-flzltcdmtckmrqcuxnypqsjuaodg/Build/Intermediates.noindex/ArchiveIntermediates/App/IntermediateBuildFilesPath/UninstalledProducts/iphoneos/CameraPlugin.o normal (in target 'CameraPlugin' from project 'CapacitorCamera')
    cd /Users/home/Websites/petrabaptist/node_modules/@capacitor/camera
    /Applications/Xcode.app/Contents/Developer/Toolchains/XcodeDefault.xctoolchain/usr/bin/clang -Xlinker -reproducible -target arm64-apple-ios15.0 -r -isysroot /Applications/Xcode.app/Contents/Developer/Platforms/iPhoneOS.platform/Developer/SDKs/iPhoneOS26.2.sdk -Os -w -L/Users/home/Library/Developer/Xcode/DerivedData/App-flzltcdmtckmrqcuxnypqsjuaodg/Build/Intermediates.noindex/ArchiveIntermediates/App/IntermediateBuildFilesPath/EagerLinkingTBDs/Release-iphoneos -L/Users/home/Library/Developer/Xcode/DerivedData/App-flzltcdmtckmrqcuxnypqsjuaodg/Build/Intermediates.noindex/ArchiveIntermediates/App/BuildProductsPath/Release-iphoneos -L/Applications/Xcode.app/Contents/Developer/Platforms/iPhoneOS.platform/Developer/usr/lib -F/Users/home/Library/Developer/Xcode/DerivedData/App-flzltcdmtckmrqcuxnypqsjuaodg/Build/Intermediates.noindex/ArchiveIntermediates/App/IntermediateBuildFilesPath/EagerLinkingTBDs/Release-iphoneos -F/Users/home/Library/Developer/Xcode/DerivedData/App-flzltcdmtckmrqcuxnypqsjuaodg/Build/Intermediates.noindex/ArchiveIntermediates/App/BuildProductsPath/Release-iphoneos -iframework /Applications/Xcode.app/Contents/Developer/Platforms/iPhoneOS.platform/Developer/Library/Frameworks -iframework /Applications/Xcode.app/Contents/Developer/Platforms/iPhoneOS.platform/Developer/SDKs/iPhoneOS26.2.sdk/Developer/Library/Frameworks -filelist /Users/home/Library/Developer/Xcode/DerivedData/App-flzltcdmtckmrqcuxnypqsjuaodg/Build/Intermediates.noindex/ArchiveIntermediates/App/IntermediateBuildFilesPath/CapacitorCamera.build/Release-iphoneos/CameraPlugin.build/Objects-normal/arm64/CameraPlugin.LinkFileList -nostdlib -Xlinker -object_path_lto -Xlinker /Users/home/Library/Developer/Xcode/DerivedData/App-flzltcdmtckmrqcuxnypqsjuaodg/Build/Intermediates.noindex/ArchiveIntermediates/App/IntermediateBuildFilesPath/CapacitorCamera.build/Release-iphoneos/CameraPlugin.build/Objects-normal/arm64/CameraPlugin_lto.o -Xlinker -dependency_info -Xlinker /Users/home/Library/Developer/Xcode/DerivedData/App-flzltcdmtckmrqcuxnypqsjuaodg/Build/Intermediates.noindex/ArchiveIntermediates/App/IntermediateBuildFilesPath/CapacitorCamera.build/Release-iphoneos/CameraPlugin.build/Objects-normal/arm64/CameraPlugin_dependency_info.dat -fobjc-link-runtime -L/Applications/Xcode.app/Contents/Developer/Toolchains/XcodeDefault.xctoolchain/usr/lib/swift/iphoneos -L/usr/lib/swift -Xlinker -add_ast_path -Xlinker /Users/home/Library/Developer/Xcode/DerivedData/App-flzltcdmtckmrqcuxnypqsjuaodg/Build/Intermediates.noindex/ArchiveIntermediates/App/IntermediateBuildFilesPath/CapacitorCamera.build/Release-iphoneos/CameraPlugin.build/Objects-normal/arm64/CameraPlugin.swiftmodule @/Users/home/Library/Developer/Xcode/DerivedData/App-flzltcdmtckmrqcuxnypqsjuaodg/Build/Intermediates.noindex/ArchiveIntermediates/App/IntermediateBuildFilesPath/CapacitorCamera.build/Release-iphoneos/CameraPlugin.build/Objects-normal/arm64/CameraPlugin-linker-args.resp -o /Users/home/Library/Developer/Xcode/DerivedData/App-flzltcdmtckmrqcuxnypqsjuaodg/Build/Intermediates.noindex/ArchiveIntermediates/App/IntermediateBuildFilesPath/UninstalledProducts/iphoneos/CameraPlugin.o

SwiftDriver CapApp-SPM normal arm64 com.apple.xcode.tools.swift.compiler (in target 'CapApp-SPM' from project 'CapApp-SPM')
    cd /Users/home/Websites/petrabaptist/ios/App/App.xcodeproj
    builtin-SwiftDriver -- /Applications/Xcode.app/Contents/Developer/Toolchains/XcodeDefault.xctoolchain/usr/bin/swiftc -module-name CapApp_SPM -O -whole-module-optimization -enforce-exclusivity\=checked @/Users/home/Library/Developer/Xcode/DerivedData/App-flzltcdmtckmrqcuxnypqsjuaodg/Build/Intermediates.noindex/ArchiveIntermediates/App/IntermediateBuildFilesPath/CapApp-SPM.build/Release-iphoneos/CapApp-SPM.build/Objects-normal/arm64/CapApp-SPM.SwiftFileList -DSWIFT_PACKAGE -DSWIFT_MODULE_RESOURCE_BUNDLE_UNAVAILABLE -DXcode -plugin-path /Applications/Xcode.app/Contents/Developer/Toolchains/XcodeDefault.xctoolchain/usr/lib/swift/host/plugins/testing -enable-experimental-feature DebugDescriptionMacro -sdk /Applications/Xcode.app/Contents/Developer/Platforms/iPhoneOS.platform/Developer/SDKs/iPhoneOS26.2.sdk -target arm64-apple-ios15.0 -g -module-cache-path /Users/home/Library/Developer/Xcode/DerivedData/ModuleCache.noindex -Xfrontend -serialize-debugging-options -suppress-warnings -swift-version 5 -I /Users/home/Library/Developer/Xcode/DerivedData/App-flzltcdmtckmrqcuxnypqsjuaodg/Build/Intermediates.noindex/ArchiveIntermediates/App/BuildProductsPath/Release-iphoneos -Isystem /Applications/Xcode.app/Contents/Developer/Platforms/iPhoneOS.platform/Developer/usr/lib -F /Users/home/Library/Developer/Xcode/DerivedData/App-flzltcdmtckmrqcuxnypqsjuaodg/Build/Intermediates.noindex/ArchiveIntermediates/App/BuildProductsPath/Release-iphoneos/PackageFrameworks -F /Users/home/Library/Developer/Xcode/DerivedData/App-flzltcdmtckmrqcuxnypqsjuaodg/Build/Intermediates.noindex/ArchiveIntermediates/App/BuildProductsPath/Release-iphoneos/PackageFrameworks -F /Users/home/Library/Developer/Xcode/DerivedData/App-flzltcdmtckmrqcuxnypqsjuaodg/Build/Intermediates.noindex/ArchiveIntermediates/App/BuildProductsPath/Release-iphoneos/PackageFrameworks -F /Users/home/Library/Developer/Xcode/DerivedData/App-flzltcdmtckmrqcuxnypqsjuaodg/Build/Intermediates.noindex/ArchiveIntermediates/App/BuildProductsPath/Release-iphoneos -F /Applications/Xcode.app/Contents/Developer/Platforms/iPhoneOS.platform/Developer/Library/Frameworks -F /Applications/Xcode.app/Contents/Developer/Platforms/iPhoneOS.platform/Developer/SDKs/iPhoneOS26.2.sdk/Developer/Library/Frameworks -parse-as-library -c -num-threads 4 -Xcc -ivfsstatcache -Xcc /Users/home/Library/Developer/Xcode/DerivedData/SDKStatCaches.noindex/iphoneos26.2-23C57-3794476bd08197c3e2abd9bb477ef7f7.sdkstatcache -output-file-map /Users/home/Library/Developer/Xcode/DerivedData/App-flzltcdmtckmrqcuxnypqsjuaodg/Build/Intermediates.noindex/ArchiveIntermediates/App/IntermediateBuildFilesPath/CapApp-SPM.build/Release-iphoneos/CapApp-SPM.build/Objects-normal/arm64/CapApp-SPM-OutputFileMap.json -use-frontend-parseable-output -save-temps -no-color-diagnostics -explicit-module-build -module-cache-path /Users/home/Library/Developer/Xcode/DerivedData/App-flzltcdmtckmrqcuxnypqsjuaodg/Build/Intermediates.noindex/ArchiveIntermediates/App/IntermediateBuildFilesPath/SwiftExplicitPrecompiledModules -clang-scanner-module-cache-path /Users/home/Library/Developer/Xcode/DerivedData/ModuleCache.noindex -sdk-module-cache-path /Users/home/Library/Developer/Xcode/DerivedData/ModuleCache.noindex -serialize-diagnostics -emit-dependencies -emit-module -emit-module-path /Users/home/Library/Developer/Xcode/DerivedData/App-flzltcdmtckmrqcuxnypqsjuaodg/Build/Intermediates.noindex/ArchiveIntermediates/App/IntermediateBuildFilesPath/CapApp-SPM.build/Release-iphoneos/CapApp-SPM.build/Objects-normal/arm64/CapApp_SPM.swiftmodule -validate-clang-modules-once -clang-build-session-file /Users/home/Library/Developer/Xcode/DerivedData/ModuleCache.noindex/Session.modulevalidation -package-name capapp_spm -Xcc -I/Users/home/Library/Developer/Xcode/DerivedData/App-flzltcdmtckmrqcuxnypqsjuaodg/Build/Intermediates.noindex/ArchiveIntermediates/App/IntermediateBuildFilesPath/CapApp-SPM.build/Release-iphoneos/CapApp-SPM.build/swift-overrides.hmap -emit-const-values -Xfrontend -const-gather-protocols-file -Xfrontend /Users/home/Library/Developer/Xcode/DerivedData/App-flzltcdmtckmrqcuxnypqsjuaodg/Build/Intermediates.noindex/ArchiveIntermediates/App/IntermediateBuildFilesPath/CapApp-SPM.build/Release-iphoneos/CapApp-SPM.build/Objects-normal/arm64/CapApp-SPM_const_extract_protocols.json -Xcc -I/Users/home/Library/Developer/Xcode/DerivedData/App-flzltcdmtckmrqcuxnypqsjuaodg/Build/Intermediates.noindex/ArchiveIntermediates/App/BuildProductsPath/Release-iphoneos/include -Xcc -I/Users/home/Library/Developer/Xcode/DerivedData/App-flzltcdmtckmrqcuxnypqsjuaodg/Build/Intermediates.noindex/ArchiveIntermediates/App/IntermediateBuildFilesPath/CapApp-SPM.build/Release-iphoneos/CapApp-SPM.build/DerivedSources-normal/arm64 -Xcc -I/Users/home/Library/Developer/Xcode/DerivedData/App-flzltcdmtckmrqcuxnypqsjuaodg/Build/Intermediates.noindex/ArchiveIntermediates/App/IntermediateBuildFilesPath/CapApp-SPM.build/Release-iphoneos/CapApp-SPM.build/DerivedSources/arm64 -Xcc -I/Users/home/Library/Developer/Xcode/DerivedData/App-flzltcdmtckmrqcuxnypqsjuaodg/Build/Intermediates.noindex/ArchiveIntermediates/App/IntermediateBuildFilesPath/CapApp-SPM.build/Release-iphoneos/CapApp-SPM.build/DerivedSources -Xcc -DSWIFT_PACKAGE -emit-objc-header -emit-objc-header-path /Users/home/Library/Developer/Xcode/DerivedData/App-flzltcdmtckmrqcuxnypqsjuaodg/Build/Intermediates.noindex/ArchiveIntermediates/App/IntermediateBuildFilesPath/CapApp-SPM.build/Release-iphoneos/CapApp-SPM.build/Objects-normal/arm64/CapApp-SPM-Swift.h -working-directory /Users/home/Websites/petrabaptist/ios/App/App.xcodeproj -no-emit-module-separately-wmo

SwiftCompile normal arm64 Compiling\ CapApp-SPM.swift /Users/home/Websites/petrabaptist/ios/App/CapApp-SPM/Sources/CapApp-SPM/CapApp-SPM.swift /Applications/Xcode.app/Contents/Developer/Toolchains/XcodeDefault.xctoolchain/usr/lib/swift/iphoneos/prebuilt-modules/26.2/_Concurrency.swiftmodule/arm64e-apple-ios.swiftmodule /Applications/Xcode.app/Contents/Developer/Toolchains/XcodeDefault.xctoolchain/usr/lib/swift/iphoneos/prebuilt-modules/26.2/Swift.swiftmodule/arm64e-apple-ios.swiftmodule /Applications/Xcode.app/Contents/Developer/Toolchains/XcodeDefault.xctoolchain/usr/lib/swift/iphoneos/prebuilt-modules/26.2/_StringProcessing.swiftmodule/arm64e-apple-ios.swiftmodule /Users/home/Library/Developer/Xcode/DerivedData/ModuleCache.noindex/_SwiftConcurrencyShims-YAFWORF1LHZES4ZS2HB5PBNW.pcm /Users/home/Library/Developer/Xcode/DerivedData/ModuleCache.noindex/SwiftShims-EVJ00P6W9UKFE4OMG1TVAYLV2.pcm /Users/home/Library/Developer/Xcode/DerivedData/App-flzltcdmtckmrqcuxnypqsjuaodg/Build/Intermediates.noindex/ArchiveIntermediates/App/IntermediateBuildFilesPath/CapApp-SPM.build/Release-iphoneos/CapApp-SPM.build/Objects-normal/arm64/CapApp_SPM-dependencies-1.json (in target 'CapApp-SPM' from project 'CapApp-SPM')

SwiftCompile normal arm64 /Users/home/Websites/petrabaptist/ios/App/CapApp-SPM/Sources/CapApp-SPM/CapApp-SPM.swift (in target 'CapApp-SPM' from project 'CapApp-SPM')
    cd /Users/home/Websites/petrabaptist/ios/App/App.xcodeproj
    

SwiftDriver\ Compilation CapApp-SPM normal arm64 com.apple.xcode.tools.swift.compiler (in target 'CapApp-SPM' from project 'CapApp-SPM')
    cd /Users/home/Websites/petrabaptist/ios/App/App.xcodeproj
    builtin-Swift-Compilation -- /Applications/Xcode.app/Contents/Developer/Toolchains/XcodeDefault.xctoolchain/usr/bin/swiftc -module-name CapApp_SPM -O -whole-module-optimization -enforce-exclusivity\=checked @/Users/home/Library/Developer/Xcode/DerivedData/App-flzltcdmtckmrqcuxnypqsjuaodg/Build/Intermediates.noindex/ArchiveIntermediates/App/IntermediateBuildFilesPath/CapApp-SPM.build/Release-iphoneos/CapApp-SPM.build/Objects-normal/arm64/CapApp-SPM.SwiftFileList -DSWIFT_PACKAGE -DSWIFT_MODULE_RESOURCE_BUNDLE_UNAVAILABLE -DXcode -plugin-path /Applications/Xcode.app/Contents/Developer/Toolchains/XcodeDefault.xctoolchain/usr/lib/swift/host/plugins/testing -enable-experimental-feature DebugDescriptionMacro -sdk /Applications/Xcode.app/Contents/Developer/Platforms/iPhoneOS.platform/Developer/SDKs/iPhoneOS26.2.sdk -target arm64-apple-ios15.0 -g -module-cache-path /Users/home/Library/Developer/Xcode/DerivedData/ModuleCache.noindex -Xfrontend -serialize-debugging-options -suppress-warnings -swift-version 5 -I /Users/home/Library/Developer/Xcode/DerivedData/App-flzltcdmtckmrqcuxnypqsjuaodg/Build/Intermediates.noindex/ArchiveIntermediates/App/BuildProductsPath/Release-iphoneos -Isystem /Applications/Xcode.app/Contents/Developer/Platforms/iPhoneOS.platform/Developer/usr/lib -F /Users/home/Library/Developer/Xcode/DerivedData/App-flzltcdmtckmrqcuxnypqsjuaodg/Build/Intermediates.noindex/ArchiveIntermediates/App/BuildProductsPath/Release-iphoneos/PackageFrameworks -F /Users/home/Library/Developer/Xcode/DerivedData/App-flzltcdmtckmrqcuxnypqsjuaodg/Build/Intermediates.noindex/ArchiveIntermediates/App/BuildProductsPath/Release-iphoneos/PackageFrameworks -F /Users/home/Library/Developer/Xcode/DerivedData/App-flzltcdmtckmrqcuxnypqsjuaodg/Build/Intermediates.noindex/ArchiveIntermediates/App/BuildProductsPath/Release-iphoneos/PackageFrameworks -F /Users/home/Library/Developer/Xcode/DerivedData/App-flzltcdmtckmrqcuxnypqsjuaodg/Build/Intermediates.noindex/ArchiveIntermediates/App/BuildProductsPath/Release-iphoneos -F /Applications/Xcode.app/Contents/Developer/Platforms/iPhoneOS.platform/Developer/Library/Frameworks -F /Applications/Xcode.app/Contents/Developer/Platforms/iPhoneOS.platform/Developer/SDKs/iPhoneOS26.2.sdk/Developer/Library/Frameworks -parse-as-library -c -num-threads 4 -Xcc -ivfsstatcache -Xcc /Users/home/Library/Developer/Xcode/DerivedData/SDKStatCaches.noindex/iphoneos26.2-23C57-3794476bd08197c3e2abd9bb477ef7f7.sdkstatcache -output-file-map /Users/home/Library/Developer/Xcode/DerivedData/App-flzltcdmtckmrqcuxnypqsjuaodg/Build/Intermediates.noindex/ArchiveIntermediates/App/IntermediateBuildFilesPath/CapApp-SPM.build/Release-iphoneos/CapApp-SPM.build/Objects-normal/arm64/CapApp-SPM-OutputFileMap.json -use-frontend-parseable-output -save-temps -no-color-diagnostics -explicit-module-build -module-cache-path /Users/home/Library/Developer/Xcode/DerivedData/App-flzltcdmtckmrqcuxnypqsjuaodg/Build/Intermediates.noindex/ArchiveIntermediates/App/IntermediateBuildFilesPath/SwiftExplicitPrecompiledModules -clang-scanner-module-cache-path /Users/home/Library/Developer/Xcode/DerivedData/ModuleCache.noindex -sdk-module-cache-path /Users/home/Library/Developer/Xcode/DerivedData/ModuleCache.noindex -serialize-diagnostics -emit-dependencies -emit-module -emit-module-path /Users/home/Library/Developer/Xcode/DerivedData/App-flzltcdmtckmrqcuxnypqsjuaodg/Build/Intermediates.noindex/ArchiveIntermediates/App/IntermediateBuildFilesPath/CapApp-SPM.build/Release-iphoneos/CapApp-SPM.build/Objects-normal/arm64/CapApp_SPM.swiftmodule -validate-clang-modules-once -clang-build-session-file /Users/home/Library/Developer/Xcode/DerivedData/ModuleCache.noindex/Session.modulevalidation -package-name capapp_spm -Xcc -I/Users/home/Library/Developer/Xcode/DerivedData/App-flzltcdmtckmrqcuxnypqsjuaodg/Build/Intermediates.noindex/ArchiveIntermediates/App/IntermediateBuildFilesPath/CapApp-SPM.build/Release-iphoneos/CapApp-SPM.build/swift-overrides.hmap -emit-const-values -Xfrontend -const-gather-protocols-file -Xfrontend /Users/home/Library/Developer/Xcode/DerivedData/App-flzltcdmtckmrqcuxnypqsjuaodg/Build/Intermediates.noindex/ArchiveIntermediates/App/IntermediateBuildFilesPath/CapApp-SPM.build/Release-iphoneos/CapApp-SPM.build/Objects-normal/arm64/CapApp-SPM_const_extract_protocols.json -Xcc -I/Users/home/Library/Developer/Xcode/DerivedData/App-flzltcdmtckmrqcuxnypqsjuaodg/Build/Intermediates.noindex/ArchiveIntermediates/App/BuildProductsPath/Release-iphoneos/include -Xcc -I/Users/home/Library/Developer/Xcode/DerivedData/App-flzltcdmtckmrqcuxnypqsjuaodg/Build/Intermediates.noindex/ArchiveIntermediates/App/IntermediateBuildFilesPath/CapApp-SPM.build/Release-iphoneos/CapApp-SPM.build/DerivedSources-normal/arm64 -Xcc -I/Users/home/Library/Developer/Xcode/DerivedData/App-flzltcdmtckmrqcuxnypqsjuaodg/Build/Intermediates.noindex/ArchiveIntermediates/App/IntermediateBuildFilesPath/CapApp-SPM.build/Release-iphoneos/CapApp-SPM.build/DerivedSources/arm64 -Xcc -I/Users/home/Library/Developer/Xcode/DerivedData/App-flzltcdmtckmrqcuxnypqsjuaodg/Build/Intermediates.noindex/ArchiveIntermediates/App/IntermediateBuildFilesPath/CapApp-SPM.build/Release-iphoneos/CapApp-SPM.build/DerivedSources -Xcc -DSWIFT_PACKAGE -emit-objc-header -emit-objc-header-path /Users/home/Library/Developer/Xcode/DerivedData/App-flzltcdmtckmrqcuxnypqsjuaodg/Build/Intermediates.noindex/ArchiveIntermediates/App/IntermediateBuildFilesPath/CapApp-SPM.build/Release-iphoneos/CapApp-SPM.build/Objects-normal/arm64/CapApp-SPM-Swift.h -working-directory /Users/home/Websites/petrabaptist/ios/App/App.xcodeproj -no-emit-module-separately-wmo

SwiftDriverJobDiscovery normal arm64 Compiling CapApp-SPM.swift (in target 'CapApp-SPM' from project 'CapApp-SPM')

SwiftDriver\ Compilation\ Requirements CapApp-SPM normal arm64 com.apple.xcode.tools.swift.compiler (in target 'CapApp-SPM' from project 'CapApp-SPM')
    cd /Users/home/Websites/petrabaptist/ios/App/App.xcodeproj
    builtin-Swift-Compilation-Requirements -- /Applications/Xcode.app/Contents/Developer/Toolchains/XcodeDefault.xctoolchain/usr/bin/swiftc -module-name CapApp_SPM -O -whole-module-optimization -enforce-exclusivity\=checked @/Users/home/Library/Developer/Xcode/DerivedData/App-flzltcdmtckmrqcuxnypqsjuaodg/Build/Intermediates.noindex/ArchiveIntermediates/App/IntermediateBuildFilesPath/CapApp-SPM.build/Release-iphoneos/CapApp-SPM.build/Objects-normal/arm64/CapApp-SPM.SwiftFileList -DSWIFT_PACKAGE -DSWIFT_MODULE_RESOURCE_BUNDLE_UNAVAILABLE -DXcode -plugin-path /Applications/Xcode.app/Contents/Developer/Toolchains/XcodeDefault.xctoolchain/usr/lib/swift/host/plugins/testing -enable-experimental-feature DebugDescriptionMacro -sdk /Applications/Xcode.app/Contents/Developer/Platforms/iPhoneOS.platform/Developer/SDKs/iPhoneOS26.2.sdk -target arm64-apple-ios15.0 -g -module-cache-path /Users/home/Library/Developer/Xcode/DerivedData/ModuleCache.noindex -Xfrontend -serialize-debugging-options -suppress-warnings -swift-version 5 -I /Users/home/Library/Developer/Xcode/DerivedData/App-flzltcdmtckmrqcuxnypqsjuaodg/Build/Intermediates.noindex/ArchiveIntermediates/App/BuildProductsPath/Release-iphoneos -Isystem /Applications/Xcode.app/Contents/Developer/Platforms/iPhoneOS.platform/Developer/usr/lib -F /Users/home/Library/Developer/Xcode/DerivedData/App-flzltcdmtckmrqcuxnypqsjuaodg/Build/Intermediates.noindex/ArchiveIntermediates/App/BuildProductsPath/Release-iphoneos/PackageFrameworks -F /Users/home/Library/Developer/Xcode/DerivedData/App-flzltcdmtckmrqcuxnypqsjuaodg/Build/Intermediates.noindex/ArchiveIntermediates/App/BuildProductsPath/Release-iphoneos/PackageFrameworks -F /Users/home/Library/Developer/Xcode/DerivedData/App-flzltcdmtckmrqcuxnypqsjuaodg/Build/Intermediates.noindex/ArchiveIntermediates/App/BuildProductsPath/Release-iphoneos/PackageFrameworks -F /Users/home/Library/Developer/Xcode/DerivedData/App-flzltcdmtckmrqcuxnypqsjuaodg/Build/Intermediates.noindex/ArchiveIntermediates/App/BuildProductsPath/Release-iphoneos -F /Applications/Xcode.app/Contents/Developer/Platforms/iPhoneOS.platform/Developer/Library/Frameworks -F /Applications/Xcode.app/Contents/Developer/Platforms/iPhoneOS.platform/Developer/SDKs/iPhoneOS26.2.sdk/Developer/Library/Frameworks -parse-as-library -c -num-threads 4 -Xcc -ivfsstatcache -Xcc /Users/home/Library/Developer/Xcode/DerivedData/SDKStatCaches.noindex/iphoneos26.2-23C57-3794476bd08197c3e2abd9bb477ef7f7.sdkstatcache -output-file-map /Users/home/Library/Developer/Xcode/DerivedData/App-flzltcdmtckmrqcuxnypqsjuaodg/Build/Intermediates.noindex/ArchiveIntermediates/App/IntermediateBuildFilesPath/CapApp-SPM.build/Release-iphoneos/CapApp-SPM.build/Objects-normal/arm64/CapApp-SPM-OutputFileMap.json -use-frontend-parseable-output -save-temps -no-color-diagnostics -explicit-module-build -module-cache-path /Users/home/Library/Developer/Xcode/DerivedData/App-flzltcdmtckmrqcuxnypqsjuaodg/Build/Intermediates.noindex/ArchiveIntermediates/App/IntermediateBuildFilesPath/SwiftExplicitPrecompiledModules -clang-scanner-module-cache-path /Users/home/Library/Developer/Xcode/DerivedData/ModuleCache.noindex -sdk-module-cache-path /Users/home/Library/Developer/Xcode/DerivedData/ModuleCache.noindex -serialize-diagnostics -emit-dependencies -emit-module -emit-module-path /Users/home/Library/Developer/Xcode/DerivedData/App-flzltcdmtckmrqcuxnypqsjuaodg/Build/Intermediates.noindex/ArchiveIntermediates/App/IntermediateBuildFilesPath/CapApp-SPM.build/Release-iphoneos/CapApp-SPM.build/Objects-normal/arm64/CapApp_SPM.swiftmodule -validate-clang-modules-once -clang-build-session-file /Users/home/Library/Developer/Xcode/DerivedData/ModuleCache.noindex/Session.modulevalidation -package-name capapp_spm -Xcc -I/Users/home/Library/Developer/Xcode/DerivedData/App-flzltcdmtckmrqcuxnypqsjuaodg/Build/Intermediates.noindex/ArchiveIntermediates/App/IntermediateBuildFilesPath/CapApp-SPM.build/Release-iphoneos/CapApp-SPM.build/swift-overrides.hmap -emit-const-values -Xfrontend -const-gather-protocols-file -Xfrontend /Users/home/Library/Developer/Xcode/DerivedData/App-flzltcdmtckmrqcuxnypqsjuaodg/Build/Intermediates.noindex/ArchiveIntermediates/App/IntermediateBuildFilesPath/CapApp-SPM.build/Release-iphoneos/CapApp-SPM.build/Objects-normal/arm64/CapApp-SPM_const_extract_protocols.json -Xcc -I/Users/home/Library/Developer/Xcode/DerivedData/App-flzltcdmtckmrqcuxnypqsjuaodg/Build/Intermediates.noindex/ArchiveIntermediates/App/BuildProductsPath/Release-iphoneos/include -Xcc -I/Users/home/Library/Developer/Xcode/DerivedData/App-flzltcdmtckmrqcuxnypqsjuaodg/Build/Intermediates.noindex/ArchiveIntermediates/App/IntermediateBuildFilesPath/CapApp-SPM.build/Release-iphoneos/CapApp-SPM.build/DerivedSources-normal/arm64 -Xcc -I/Users/home/Library/Developer/Xcode/DerivedData/App-flzltcdmtckmrqcuxnypqsjuaodg/Build/Intermediates.noindex/ArchiveIntermediates/App/IntermediateBuildFilesPath/CapApp-SPM.build/Release-iphoneos/CapApp-SPM.build/DerivedSources/arm64 -Xcc -I/Users/home/Library/Developer/Xcode/DerivedData/App-flzltcdmtckmrqcuxnypqsjuaodg/Build/Intermediates.noindex/ArchiveIntermediates/App/IntermediateBuildFilesPath/CapApp-SPM.build/Release-iphoneos/CapApp-SPM.build/DerivedSources -Xcc -DSWIFT_PACKAGE -emit-objc-header -emit-objc-header-path /Users/home/Library/Developer/Xcode/DerivedData/App-flzltcdmtckmrqcuxnypqsjuaodg/Build/Intermediates.noindex/ArchiveIntermediates/App/IntermediateBuildFilesPath/CapApp-SPM.build/Release-iphoneos/CapApp-SPM.build/Objects-normal/arm64/CapApp-SPM-Swift.h -working-directory /Users/home/Websites/petrabaptist/ios/App/App.xcodeproj -no-emit-module-separately-wmo

SwiftMergeGeneratedHeaders /Users/home/Library/Developer/Xcode/DerivedData/App-flzltcdmtckmrqcuxnypqsjuaodg/Build/Intermediates.noindex/ArchiveIntermediates/App/IntermediateBuildFilesPath/GeneratedModuleMaps-iphoneos/CapApp-SPM-Swift.h /Users/home/Library/Developer/Xcode/DerivedData/App-flzltcdmtckmrqcuxnypqsjuaodg/Build/Intermediates.noindex/ArchiveIntermediates/App/IntermediateBuildFilesPath/CapApp-SPM.build/Release-iphoneos/CapApp-SPM.build/Objects-normal/arm64/CapApp-SPM-Swift.h (in target 'CapApp-SPM' from project 'CapApp-SPM')
    cd /Users/home/Websites/petrabaptist/ios/App/CapApp-SPM
    builtin-swiftHeaderTool -arch arm64 /Users/home/Library/Developer/Xcode/DerivedData/App-flzltcdmtckmrqcuxnypqsjuaodg/Build/Intermediates.noindex/ArchiveIntermediates/App/IntermediateBuildFilesPath/CapApp-SPM.build/Release-iphoneos/CapApp-SPM.build/Objects-normal/arm64/CapApp-SPM-Swift.h -o /Users/home/Library/Developer/Xcode/DerivedData/App-flzltcdmtckmrqcuxnypqsjuaodg/Build/Intermediates.noindex/ArchiveIntermediates/App/IntermediateBuildFilesPath/GeneratedModuleMaps-iphoneos/CapApp-SPM-Swift.h

Copy /Users/home/Library/Developer/Xcode/DerivedData/App-flzltcdmtckmrqcuxnypqsjuaodg/Build/Intermediates.noindex/ArchiveIntermediates/App/BuildProductsPath/Release-iphoneos/CapApp_SPM.swiftmodule/arm64-apple-ios.swiftdoc /Users/home/Library/Developer/Xcode/DerivedData/App-flzltcdmtckmrqcuxnypqsjuaodg/Build/Intermediates.noindex/ArchiveIntermediates/App/IntermediateBuildFilesPath/CapApp-SPM.build/Release-iphoneos/CapApp-SPM.build/Objects-normal/arm64/CapApp_SPM.swiftdoc (in target 'CapApp-SPM' from project 'CapApp-SPM')
    cd /Users/home/Websites/petrabaptist/ios/App/CapApp-SPM
    builtin-copy -exclude .DS_Store -exclude CVS -exclude .svn -exclude .git -exclude .hg -strip-unsigned-binaries -strip-deterministic -strip-tool /Applications/Xcode.app/Contents/Developer/Toolchains/XcodeDefault.xctoolchain/usr/bin/strip -resolve-src-symlinks -rename /Users/home/Library/Developer/Xcode/DerivedData/App-flzltcdmtckmrqcuxnypqsjuaodg/Build/Intermediates.noindex/ArchiveIntermediates/App/IntermediateBuildFilesPath/CapApp-SPM.build/Release-iphoneos/CapApp-SPM.build/Objects-normal/arm64/CapApp_SPM.swiftdoc /Users/home/Library/Developer/Xcode/DerivedData/App-flzltcdmtckmrqcuxnypqsjuaodg/Build/Intermediates.noindex/ArchiveIntermediates/App/BuildProductsPath/Release-iphoneos/CapApp_SPM.swiftmodule/arm64-apple-ios.swiftdoc

Copy /Users/home/Library/Developer/Xcode/DerivedData/App-flzltcdmtckmrqcuxnypqsjuaodg/Build/Intermediates.noindex/ArchiveIntermediates/App/BuildProductsPath/Release-iphoneos/CapApp_SPM.swiftmodule/arm64-apple-ios.swiftmodule /Users/home/Library/Developer/Xcode/DerivedData/App-flzltcdmtckmrqcuxnypqsjuaodg/Build/Intermediates.noindex/ArchiveIntermediates/App/IntermediateBuildFilesPath/CapApp-SPM.build/Release-iphoneos/CapApp-SPM.build/Objects-normal/arm64/CapApp_SPM.swiftmodule (in target 'CapApp-SPM' from project 'CapApp-SPM')
    cd /Users/home/Websites/petrabaptist/ios/App/CapApp-SPM
    builtin-copy -exclude .DS_Store -exclude CVS -exclude .svn -exclude .git -exclude .hg -strip-unsigned-binaries -strip-deterministic -strip-tool /Applications/Xcode.app/Contents/Developer/Toolchains/XcodeDefault.xctoolchain/usr/bin/strip -resolve-src-symlinks -rename /Users/home/Library/Developer/Xcode/DerivedData/App-flzltcdmtckmrqcuxnypqsjuaodg/Build/Intermediates.noindex/ArchiveIntermediates/App/IntermediateBuildFilesPath/CapApp-SPM.build/Release-iphoneos/CapApp-SPM.build/Objects-normal/arm64/CapApp_SPM.swiftmodule /Users/home/Library/Developer/Xcode/DerivedData/App-flzltcdmtckmrqcuxnypqsjuaodg/Build/Intermediates.noindex/ArchiveIntermediates/App/BuildProductsPath/Release-iphoneos/CapApp_SPM.swiftmodule/arm64-apple-ios.swiftmodule

Copy /Users/home/Library/Developer/Xcode/DerivedData/App-flzltcdmtckmrqcuxnypqsjuaodg/Build/Intermediates.noindex/ArchiveIntermediates/App/BuildProductsPath/Release-iphoneos/CapApp_SPM.swiftmodule/arm64-apple-ios.abi.json /Users/home/Library/Developer/Xcode/DerivedData/App-flzltcdmtckmrqcuxnypqsjuaodg/Build/Intermediates.noindex/ArchiveIntermediates/App/IntermediateBuildFilesPath/CapApp-SPM.build/Release-iphoneos/CapApp-SPM.build/Objects-normal/arm64/CapApp_SPM.abi.json (in target 'CapApp-SPM' from project 'CapApp-SPM')
    cd /Users/home/Websites/petrabaptist/ios/App/CapApp-SPM
    builtin-copy -exclude .DS_Store -exclude CVS -exclude .svn -exclude .git -exclude .hg -strip-unsigned-binaries -strip-deterministic -strip-tool /Applications/Xcode.app/Contents/Developer/Toolchains/XcodeDefault.xctoolchain/usr/bin/strip -resolve-src-symlinks -rename /Users/home/Library/Developer/Xcode/DerivedData/App-flzltcdmtckmrqcuxnypqsjuaodg/Build/Intermediates.noindex/ArchiveIntermediates/App/IntermediateBuildFilesPath/CapApp-SPM.build/Release-iphoneos/CapApp-SPM.build/Objects-normal/arm64/CapApp_SPM.abi.json /Users/home/Library/Developer/Xcode/DerivedData/App-flzltcdmtckmrqcuxnypqsjuaodg/Build/Intermediates.noindex/ArchiveIntermediates/App/BuildProductsPath/Release-iphoneos/CapApp_SPM.swiftmodule/arm64-apple-ios.abi.json

ProcessProductPackaging "" /Users/home/Library/Developer/Xcode/DerivedData/App-flzltcdmtckmrqcuxnypqsjuaodg/Build/Intermediates.noindex/ArchiveIntermediates/App/IntermediateBuildFilesPath/App.build/Release-iphoneos/App.build/App.app.xcent (in target 'App' from project 'App')
    cd /Users/home/Websites/petrabaptist/ios/App
    
    Entitlements:
    
    {
    "application-identifier" = "9Y7SZNS2CC.com.petrabaptist.petrabaptistchurch";
    "com.apple.developer.team-identifier" = 9Y7SZNS2CC;
    "get-task-allow" = 1;
}
    
    builtin-productPackagingUtility -entitlements -format xml -o /Users/home/Library/Developer/Xcode/DerivedData/App-flzltcdmtckmrqcuxnypqsjuaodg/Build/Intermediates.noindex/ArchiveIntermediates/App/IntermediateBuildFilesPath/App.build/Release-iphoneos/App.build/App.app.xcent

ProcessProductPackaging /Users/home/Library/Developer/Xcode/UserData/Provisioning\ Profiles/cd02b4e0-ba1e-4f1a-a184-8f3904c23531.mobileprovision /Users/home/Library/Developer/Xcode/DerivedData/App-flzltcdmtckmrqcuxnypqsjuaodg/Build/Intermediates.noindex/ArchiveIntermediates/App/InstallationBuildProductsLocation/Applications/App.app/embedded.mobileprovision (in target 'App' from project 'App')
    cd /Users/home/Websites/petrabaptist/ios/App
    builtin-productPackagingUtility /Users/home/Library/Developer/Xcode/UserData/Provisioning\ Profiles/cd02b4e0-ba1e-4f1a-a184-8f3904c23531.mobileprovision -o /Users/home/Library/Developer/Xcode/DerivedData/App-flzltcdmtckmrqcuxnypqsjuaodg/Build/Intermediates.noindex/ArchiveIntermediates/App/InstallationBuildProductsLocation/Applications/App.app/embedded.mobileprovision

ProcessProductPackagingDER /Users/home/Library/Developer/Xcode/DerivedData/App-flzltcdmtckmrqcuxnypqsjuaodg/Build/Intermediates.noindex/ArchiveIntermediates/App/IntermediateBuildFilesPath/App.build/Release-iphoneos/App.build/App.app.xcent /Users/home/Library/Developer/Xcode/DerivedData/App-flzltcdmtckmrqcuxnypqsjuaodg/Build/Intermediates.noindex/ArchiveIntermediates/App/IntermediateBuildFilesPath/App.build/Release-iphoneos/App.build/App.app.xcent.der (in target 'App' from project 'App')
    cd /Users/home/Websites/petrabaptist/ios/App
    /usr/bin/derq query -f xml -i /Users/home/Library/Developer/Xcode/DerivedData/App-flzltcdmtckmrqcuxnypqsjuaodg/Build/Intermediates.noindex/ArchiveIntermediates/App/IntermediateBuildFilesPath/App.build/Release-iphoneos/App.build/App.app.xcent -o /Users/home/Library/Developer/Xcode/DerivedData/App-flzltcdmtckmrqcuxnypqsjuaodg/Build/Intermediates.noindex/ArchiveIntermediates/App/IntermediateBuildFilesPath/App.build/Release-iphoneos/App.build/App.app.xcent.der --raw

ExtractAppIntentsMetadata (in target 'CameraPlugin' from project 'CapacitorCamera')
    cd /Users/home/Websites/petrabaptist/node_modules/@capacitor/camera
    /Applications/Xcode.app/Contents/Developer/Toolchains/XcodeDefault.xctoolchain/usr/bin/appintentsmetadataprocessor --toolchain-dir /Applications/Xcode.app/Contents/Developer/Toolchains/XcodeDefault.xctoolchain --module-name CameraPlugin --sdk-root /Applications/Xcode.app/Contents/Developer/Platforms/iPhoneOS.platform/Developer/SDKs/iPhoneOS26.2.sdk --xcode-version 17C519 --platform-family iOS --deployment-target 15.0 --bundle-identifier camera.CameraPlugin --output /Users/home/Library/Developer/Xcode/DerivedData/App-flzltcdmtckmrqcuxnypqsjuaodg/Build/Intermediates.noindex/ArchiveIntermediates/App/IntermediateBuildFilesPath/UninstalledProducts/iphoneos/CameraPlugin.appintents --target-triple arm64-apple-ios15.0 --binary-file /Users/home/Library/Developer/Xcode/DerivedData/App-flzltcdmtckmrqcuxnypqsjuaodg/Build/Intermediates.noindex/ArchiveIntermediates/App/IntermediateBuildFilesPath/UninstalledProducts/iphoneos/CameraPlugin.o --dependency-file /Users/home/Library/Developer/Xcode/DerivedData/App-flzltcdmtckmrqcuxnypqsjuaodg/Build/Intermediates.noindex/ArchiveIntermediates/App/IntermediateBuildFilesPath/CapacitorCamera.build/Release-iphoneos/CameraPlugin.build/Objects-normal/arm64/CameraPlugin_dependency_info.dat --stringsdata-file /Users/home/Library/Developer/Xcode/DerivedData/App-flzltcdmtckmrqcuxnypqsjuaodg/Build/Intermediates.noindex/ArchiveIntermediates/App/IntermediateBuildFilesPath/CapacitorCamera.build/Release-iphoneos/CameraPlugin.build/Objects-normal/arm64/ExtractedAppShortcutsMetadata.stringsdata --source-file-list /Users/home/Library/Developer/Xcode/DerivedData/App-flzltcdmtckmrqcuxnypqsjuaodg/Build/Intermediates.noindex/ArchiveIntermediates/App/IntermediateBuildFilesPath/CapacitorCamera.build/Release-iphoneos/CameraPlugin.build/Objects-normal/arm64/CameraPlugin.SwiftFileList --metadata-file-list /Users/home/Library/Developer/Xcode/DerivedData/App-flzltcdmtckmrqcuxnypqsjuaodg/Build/Intermediates.noindex/ArchiveIntermediates/App/IntermediateBuildFilesPath/CapacitorCamera.build/Release-iphoneos/CameraPlugin.build/CameraPlugin.DependencyMetadataFileList --static-metadata-file-list /Users/home/Library/Developer/Xcode/DerivedData/App-flzltcdmtckmrqcuxnypqsjuaodg/Build/Intermediates.noindex/ArchiveIntermediates/App/IntermediateBuildFilesPath/CapacitorCamera.build/Release-iphoneos/CameraPlugin.build/CameraPlugin.DependencyStaticMetadataFileList --swift-const-vals-list /Users/home/Library/Developer/Xcode/DerivedData/App-flzltcdmtckmrqcuxnypqsjuaodg/Build/Intermediates.noindex/ArchiveIntermediates/App/IntermediateBuildFilesPath/CapacitorCamera.build/Release-iphoneos/CameraPlugin.build/Objects-normal/arm64/CameraPlugin.SwiftConstValuesFileList --force --compile-time-extraction --deployment-aware-processing --validate-assistant-intents --no-app-shortcuts-localization
2026-09-07 17:33:41.293 appintentsmetadataprocessor[1177:12153995] Starting appintentsmetadataprocessor export
2026-09-07 17:33:46.788 appintentsmetadataprocessor[1177:12153995] Extracted no relevant App Intents symbols, skipping writing output

MkDir /Users/home/Library/Developer/Xcode/DerivedData/App-flzltcdmtckmrqcuxnypqsjuaodg/Build/Intermediates.noindex/ArchiveIntermediates/App/IntermediateBuildFilesPath/App.build/Release-iphoneos/App.build/assetcatalog_output/thinned (in target 'App' from project 'App')
    cd /Users/home/Websites/petrabaptist/ios/App
    /bin/mkdir -p /Users/home/Library/Developer/Xcode/DerivedData/App-flzltcdmtckmrqcuxnypqsjuaodg/Build/Intermediates.noindex/ArchiveIntermediates/App/IntermediateBuildFilesPath/App.build/Release-iphoneos/App.build/assetcatalog_output/thinned

MkDir /Users/home/Library/Developer/Xcode/DerivedData/App-flzltcdmtckmrqcuxnypqsjuaodg/Build/Intermediates.noindex/ArchiveIntermediates/App/IntermediateBuildFilesPath/App.build/Release-iphoneos/App.build/assetcatalog_output/unthinned (in target 'App' from project 'App')
    cd /Users/home/Websites/petrabaptist/ios/App
    /bin/mkdir -p /Users/home/Library/Developer/Xcode/DerivedData/App-flzltcdmtckmrqcuxnypqsjuaodg/Build/Intermediates.noindex/ArchiveIntermediates/App/IntermediateBuildFilesPath/App.build/Release-iphoneos/App.build/assetcatalog_output/unthinned

GenerateAssetSymbols /Users/home/Websites/petrabaptist/ios/App/App/Assets.xcassets (in target 'App' from project 'App')
    cd /Users/home/Websites/petrabaptist/ios/App
    /Applications/Xcode.app/Contents/Developer/usr/bin/actool /Users/home/Websites/petrabaptist/ios/App/App/Assets.xcassets --compile /Users/home/Library/Developer/Xcode/DerivedData/App-flzltcdmtckmrqcuxnypqsjuaodg/Build/Intermediates.noindex/ArchiveIntermediates/App/InstallationBuildProductsLocation/Applications/App.app --output-format human-readable-text --notices --warnings --export-dependency-info /Users/home/Library/Developer/Xcode/DerivedData/App-flzltcdmtckmrqcuxnypqsjuaodg/Build/Intermediates.noindex/ArchiveIntermediates/App/IntermediateBuildFilesPath/App.build/Release-iphoneos/App.build/assetcatalog_dependencies --output-partial-info-plist /Users/home/Library/Developer/Xcode/DerivedData/App-flzltcdmtckmrqcuxnypqsjuaodg/Build/Intermediates.noindex/ArchiveIntermediates/App/IntermediateBuildFilesPath/App.build/Release-iphoneos/App.build/assetcatalog_generated_info.plist --app-icon AppIcon --compress-pngs --enable-on-demand-resources YES --development-region en --target-device iphone --target-device ipad --minimum-deployment-target 15.0 --platform iphoneos --bundle-identifier com.petrabaptist.petrabaptistchurch --generate-swift-asset-symbol-extensions NO --generate-swift-asset-symbols /Users/home/Library/Developer/Xcode/DerivedData/App-flzltcdmtckmrqcuxnypqsjuaodg/Build/Intermediates.noindex/ArchiveIntermediates/App/IntermediateBuildFilesPath/App.build/Release-iphoneos/App.build/DerivedSources/GeneratedAssetSymbols.swift --generate-objc-asset-symbols /Users/home/Library/Developer/Xcode/DerivedData/App-flzltcdmtckmrqcuxnypqsjuaodg/Build/Intermediates.noindex/ArchiveIntermediates/App/IntermediateBuildFilesPath/App.build/Release-iphoneos/App.build/DerivedSources/GeneratedAssetSymbols.h --generate-asset-symbol-index /Users/home/Library/Developer/Xcode/DerivedData/App-flzltcdmtckmrqcuxnypqsjuaodg/Build/Intermediates.noindex/ArchiveIntermediates/App/IntermediateBuildFilesPath/App.build/Release-iphoneos/App.build/DerivedSources/GeneratedAssetSymbols-Index.plist
/* com.apple.actool.compilation-results */
/Users/home/Library/Developer/Xcode/DerivedData/App-flzltcdmtckmrqcuxnypqsjuaodg/Build/Intermediates.noindex/ArchiveIntermediates/App/IntermediateBuildFilesPath/App.build/Release-iphoneos/App.build/DerivedSources/GeneratedAssetSymbols-Index.plist
/Users/home/Library/Developer/Xcode/DerivedData/App-flzltcdmtckmrqcuxnypqsjuaodg/Build/Intermediates.noindex/ArchiveIntermediates/App/IntermediateBuildFilesPath/App.build/Release-iphoneos/App.build/DerivedSources/GeneratedAssetSymbols.h
/Users/home/Library/Developer/Xcode/DerivedData/App-flzltcdmtckmrqcuxnypqsjuaodg/Build/Intermediates.noindex/ArchiveIntermediates/App/IntermediateBuildFilesPath/App.build/Release-iphoneos/App.build/DerivedSources/GeneratedAssetSymbols.swift


CompileAssetCatalogVariant thinned /Users/home/Library/Developer/Xcode/DerivedData/App-flzltcdmtckmrqcuxnypqsjuaodg/Build/Intermediates.noindex/ArchiveIntermediates/App/InstallationBuildProductsLocation/Applications/App.app /Users/home/Websites/petrabaptist/ios/App/App/Assets.xcassets (in target 'App' from project 'App')
    cd /Users/home/Websites/petrabaptist/ios/App
    /Applications/Xcode.app/Contents/Developer/usr/bin/actool /Users/home/Websites/petrabaptist/ios/App/App/Assets.xcassets --compile /Users/home/Library/Developer/Xcode/DerivedData/App-flzltcdmtckmrqcuxnypqsjuaodg/Build/Intermediates.noindex/ArchiveIntermediates/App/IntermediateBuildFilesPath/App.build/Release-iphoneos/App.build/assetcatalog_output/thinned --output-format human-readable-text --notices --warnings --export-dependency-info /Users/home/Library/Developer/Xcode/DerivedData/App-flzltcdmtckmrqcuxnypqsjuaodg/Build/Intermediates.noindex/ArchiveIntermediates/App/IntermediateBuildFilesPath/App.build/Release-iphoneos/App.build/assetcatalog_dependencies_thinned --output-partial-info-plist /Users/home/Library/Developer/Xcode/DerivedData/App-flzltcdmtckmrqcuxnypqsjuaodg/Build/Intermediates.noindex/ArchiveIntermediates/App/IntermediateBuildFilesPath/App.build/Release-iphoneos/App.build/assetcatalog_generated_info.plist_thinned --app-icon AppIcon --compress-pngs --enable-on-demand-resources YES --development-region en --target-device iphone --target-device ipad --minimum-deployment-target 15.0 --platform iphoneos
/* com.apple.actool.compilation-results */
/Users/home/Library/Developer/Xcode/DerivedData/App-flzltcdmtckmrqcuxnypqsjuaodg/Build/Intermediates.noindex/ArchiveIntermediates/App/IntermediateBuildFilesPath/App.build/Release-iphoneos/App.build/assetcatalog_generated_info.plist_thinned
/Users/home/Library/Developer/Xcode/DerivedData/App-flzltcdmtckmrqcuxnypqsjuaodg/Build/Intermediates.noindex/ArchiveIntermediates/App/IntermediateBuildFilesPath/App.build/Release-iphoneos/App.build/assetcatalog_output/thinned/AppIcon60x60@2x.png
/Users/home/Library/Developer/Xcode/DerivedData/App-flzltcdmtckmrqcuxnypqsjuaodg/Build/Intermediates.noindex/ArchiveIntermediates/App/IntermediateBuildFilesPath/App.build/Release-iphoneos/App.build/assetcatalog_output/thinned/AppIcon76x76@2x~ipad.png
/Users/home/Library/Developer/Xcode/DerivedData/App-flzltcdmtckmrqcuxnypqsjuaodg/Build/Intermediates.noindex/ArchiveIntermediates/App/IntermediateBuildFilesPath/App.build/Release-iphoneos/App.build/assetcatalog_output/thinned/Assets.car


SwiftDriver App normal arm64 com.apple.xcode.tools.swift.compiler (in target 'App' from project 'App')
    cd /Users/home/Websites/petrabaptist/ios/App
    builtin-SwiftDriver -- /Applications/Xcode.app/Contents/Developer/Toolchains/XcodeDefault.xctoolchain/usr/bin/swiftc -module-name App -O -whole-module-optimization -enforce-exclusivity\=checked @/Users/home/Library/Developer/Xcode/DerivedData/App-flzltcdmtckmrqcuxnypqsjuaodg/Build/Intermediates.noindex/ArchiveIntermediates/App/IntermediateBuildFilesPath/App.build/Release-iphoneos/App.build/Objects-normal/arm64/App.SwiftFileList -enable-bare-slash-regex -enable-experimental-feature DebugDescriptionMacro -sdk /Applications/Xcode.app/Contents/Developer/Platforms/iPhoneOS.platform/Developer/SDKs/iPhoneOS26.2.sdk -target arm64-apple-ios15.0 -g -module-cache-path /Users/home/Library/Developer/Xcode/DerivedData/ModuleCache.noindex -Xfrontend -serialize-debugging-options -swift-version 5 -I /Users/home/Library/Developer/Xcode/DerivedData/App-flzltcdmtckmrqcuxnypqsjuaodg/Build/Intermediates.noindex/ArchiveIntermediates/App/BuildProductsPath/Release-iphoneos -F /Users/home/Library/Developer/Xcode/DerivedData/App-flzltcdmtckmrqcuxnypqsjuaodg/Build/Intermediates.noindex/ArchiveIntermediates/App/BuildProductsPath/Release-iphoneos/PackageFrameworks -F /Users/home/Library/Developer/Xcode/DerivedData/App-flzltcdmtckmrqcuxnypqsjuaodg/Build/Intermediates.noindex/ArchiveIntermediates/App/BuildProductsPath/Release-iphoneos/PackageFrameworks -F /Users/home/Library/Developer/Xcode/DerivedData/App-flzltcdmtckmrqcuxnypqsjuaodg/Build/Intermediates.noindex/ArchiveIntermediates/App/BuildProductsPath/Release-iphoneos/PackageFrameworks -F /Users/home/Library/Developer/Xcode/DerivedData/App-flzltcdmtckmrqcuxnypqsjuaodg/Build/Intermediates.noindex/ArchiveIntermediates/App/BuildProductsPath/Release-iphoneos/PackageFrameworks -F /Users/home/Library/Developer/Xcode/DerivedData/App-flzltcdmtckmrqcuxnypqsjuaodg/Build/Intermediates.noindex/ArchiveIntermediates/App/BuildProductsPath/Release-iphoneos -c -num-threads 4 -Xcc -ivfsstatcache -Xcc /Users/home/Library/Developer/Xcode/DerivedData/SDKStatCaches.noindex/iphoneos26.2-23C57-3794476bd08197c3e2abd9bb477ef7f7.sdkstatcache -output-file-map /Users/home/Library/Developer/Xcode/DerivedData/App-flzltcdmtckmrqcuxnypqsjuaodg/Build/Intermediates.noindex/ArchiveIntermediates/App/IntermediateBuildFilesPath/App.build/Release-iphoneos/App.build/Objects-normal/arm64/App-OutputFileMap.json -use-frontend-parseable-output -save-temps -no-color-diagnostics -explicit-module-build -module-cache-path /Users/home/Library/Developer/Xcode/DerivedData/App-flzltcdmtckmrqcuxnypqsjuaodg/Build/Intermediates.noindex/ArchiveIntermediates/App/IntermediateBuildFilesPath/SwiftExplicitPrecompiledModules -clang-scanner-module-cache-path /Users/home/Library/Developer/Xcode/DerivedData/ModuleCache.noindex -sdk-module-cache-path /Users/home/Library/Developer/Xcode/DerivedData/ModuleCache.noindex -serialize-diagnostics -emit-dependencies -emit-module -emit-module-path /Users/home/Library/Developer/Xcode/DerivedData/App-flzltcdmtckmrqcuxnypqsjuaodg/Build/Intermediates.noindex/ArchiveIntermediates/App/IntermediateBuildFilesPath/App.build/Release-iphoneos/App.build/Objects-normal/arm64/App.swiftmodule -validate-clang-modules-once -clang-build-session-file /Users/home/Library/Developer/Xcode/DerivedData/ModuleCache.noindex/Session.modulevalidation -Xcc -I/Users/home/Library/Developer/Xcode/DerivedData/App-flzltcdmtckmrqcuxnypqsjuaodg/Build/Intermediates.noindex/ArchiveIntermediates/App/IntermediateBuildFilesPath/App.build/Release-iphoneos/App.build/swift-overrides.hmap -emit-const-values -Xfrontend -const-gather-protocols-file -Xfrontend /Users/home/Library/Developer/Xcode/DerivedData/App-flzltcdmtckmrqcuxnypqsjuaodg/Build/Intermediates.noindex/ArchiveIntermediates/App/IntermediateBuildFilesPath/App.build/Release-iphoneos/App.build/Objects-normal/arm64/App_const_extract_protocols.json -Xcc -iquote -Xcc /Users/home/Library/Developer/Xcode/DerivedData/App-flzltcdmtckmrqcuxnypqsjuaodg/Build/Intermediates.noindex/ArchiveIntermediates/App/IntermediateBuildFilesPath/App.build/Release-iphoneos/App.build/App-generated-files.hmap -Xcc -I/Users/home/Library/Developer/Xcode/DerivedData/App-flzltcdmtckmrqcuxnypqsjuaodg/Build/Intermediates.noindex/ArchiveIntermediates/App/IntermediateBuildFilesPath/App.build/Release-iphoneos/App.build/App-own-target-headers.hmap -Xcc -I/Users/home/Library/Developer/Xcode/DerivedData/App-flzltcdmtckmrqcuxnypqsjuaodg/Build/Intermediates.noindex/ArchiveIntermediates/App/IntermediateBuildFilesPath/App.build/Release-iphoneos/App.build/App-all-non-framework-target-headers.hmap -Xcc -ivfsoverlay -Xcc /Users/home/Library/Developer/Xcode/DerivedData/App-flzltcdmtckmrqcuxnypqsjuaodg/Build/Intermediates.noindex/ArchiveIntermediates/App/IntermediateBuildFilesPath/App.build/Release-iphoneos/App-0ca3007d900a678c2b4d53418799ee3d-VFS-iphoneos/all-product-headers.yaml -Xcc -iquote -Xcc /Users/home/Library/Developer/Xcode/DerivedData/App-flzltcdmtckmrqcuxnypqsjuaodg/Build/Intermediates.noindex/ArchiveIntermediates/App/IntermediateBuildFilesPath/App.build/Release-iphoneos/App.build/App-project-headers.hmap -Xcc -I/Users/home/Library/Developer/Xcode/DerivedData/App-flzltcdmtckmrqcuxnypqsjuaodg/Build/Intermediates.noindex/ArchiveIntermediates/App/BuildProductsPath/Release-iphoneos/include -Xcc -I/Users/home/Library/Developer/Xcode/DerivedData/App-flzltcdmtckmrqcuxnypqsjuaodg/Build/Intermediates.noindex/ArchiveIntermediates/App/IntermediateBuildFilesPath/App.build/Release-iphoneos/App.build/DerivedSources-normal/arm64 -Xcc -I/Users/home/Library/Developer/Xcode/DerivedData/App-flzltcdmtckmrqcuxnypqsjuaodg/Build/Intermediates.noindex/ArchiveIntermediates/App/IntermediateBuildFilesPath/App.build/Release-iphoneos/App.build/DerivedSources/arm64 -Xcc -I/Users/home/Library/Developer/Xcode/DerivedData/App-flzltcdmtckmrqcuxnypqsjuaodg/Build/Intermediates.noindex/ArchiveIntermediates/App/IntermediateBuildFilesPath/App.build/Release-iphoneos/App.build/DerivedSources -emit-objc-header -emit-objc-header-path /Users/home/Library/Developer/Xcode/DerivedData/App-flzltcdmtckmrqcuxnypqsjuaodg/Build/Intermediates.noindex/ArchiveIntermediates/App/IntermediateBuildFilesPath/App.build/Release-iphoneos/App.build/Objects-normal/arm64/App-Swift.h -working-directory /Users/home/Websites/petrabaptist/ios/App -no-emit-module-separately-wmo

SetOwnerAndGroup home:staff /Users/home/Library/Developer/Xcode/DerivedData/App-flzltcdmtckmrqcuxnypqsjuaodg/Build/Intermediates.noindex/ArchiveIntermediates/App/IntermediateBuildFilesPath/UninstalledProducts/iphoneos/CameraPlugin.o (in target 'CameraPlugin' from project 'CapacitorCamera')
    cd /Users/home/Websites/petrabaptist/node_modules/@capacitor/camera
    /usr/sbin/chown -RH home:staff /Users/home/Library/Developer/Xcode/DerivedData/App-flzltcdmtckmrqcuxnypqsjuaodg/Build/Intermediates.noindex/ArchiveIntermediates/App/IntermediateBuildFilesPath/UninstalledProducts/iphoneos/CameraPlugin.o

SetMode u+w,go-w,a+rX /Users/home/Library/Developer/Xcode/DerivedData/App-flzltcdmtckmrqcuxnypqsjuaodg/Build/Intermediates.noindex/ArchiveIntermediates/App/IntermediateBuildFilesPath/UninstalledProducts/iphoneos/CameraPlugin.o (in target 'CameraPlugin' from project 'CapacitorCamera')
    cd /Users/home/Websites/petrabaptist/node_modules/@capacitor/camera
    /bin/chmod -RH u+w,go-w,a+rX /Users/home/Library/Developer/Xcode/DerivedData/App-flzltcdmtckmrqcuxnypqsjuaodg/Build/Intermediates.noindex/ArchiveIntermediates/App/IntermediateBuildFilesPath/UninstalledProducts/iphoneos/CameraPlugin.o

SwiftDriver\ Compilation App normal arm64 com.apple.xcode.tools.swift.compiler (in target 'App' from project 'App')
    cd /Users/home/Websites/petrabaptist/ios/App
    builtin-Swift-Compilation -- /Applications/Xcode.app/Contents/Developer/Toolchains/XcodeDefault.xctoolchain/usr/bin/swiftc -module-name App -O -whole-module-optimization -enforce-exclusivity\=checked @/Users/home/Library/Developer/Xcode/DerivedData/App-flzltcdmtckmrqcuxnypqsjuaodg/Build/Intermediates.noindex/ArchiveIntermediates/App/IntermediateBuildFilesPath/App.build/Release-iphoneos/App.build/Objects-normal/arm64/App.SwiftFileList -enable-bare-slash-regex -enable-experimental-feature DebugDescriptionMacro -sdk /Applications/Xcode.app/Contents/Developer/Platforms/iPhoneOS.platform/Developer/SDKs/iPhoneOS26.2.sdk -target arm64-apple-ios15.0 -g -module-cache-path /Users/home/Library/Developer/Xcode/DerivedData/ModuleCache.noindex -Xfrontend -serialize-debugging-options -swift-version 5 -I /Users/home/Library/Developer/Xcode/DerivedData/App-flzltcdmtckmrqcuxnypqsjuaodg/Build/Intermediates.noindex/ArchiveIntermediates/App/BuildProductsPath/Release-iphoneos -F /Users/home/Library/Developer/Xcode/DerivedData/App-flzltcdmtckmrqcuxnypqsjuaodg/Build/Intermediates.noindex/ArchiveIntermediates/App/BuildProductsPath/Release-iphoneos/PackageFrameworks -F /Users/home/Library/Developer/Xcode/DerivedData/App-flzltcdmtckmrqcuxnypqsjuaodg/Build/Intermediates.noindex/ArchiveIntermediates/App/BuildProductsPath/Release-iphoneos/PackageFrameworks -F /Users/home/Library/Developer/Xcode/DerivedData/App-flzltcdmtckmrqcuxnypqsjuaodg/Build/Intermediates.noindex/ArchiveIntermediates/App/BuildProductsPath/Release-iphoneos/PackageFrameworks -F /Users/home/Library/Developer/Xcode/DerivedData/App-flzltcdmtckmrqcuxnypqsjuaodg/Build/Intermediates.noindex/ArchiveIntermediates/App/BuildProductsPath/Release-iphoneos/PackageFrameworks -F /Users/home/Library/Developer/Xcode/DerivedData/App-flzltcdmtckmrqcuxnypqsjuaodg/Build/Intermediates.noindex/ArchiveIntermediates/App/BuildProductsPath/Release-iphoneos -c -num-threads 4 -Xcc -ivfsstatcache -Xcc /Users/home/Library/Developer/Xcode/DerivedData/SDKStatCaches.noindex/iphoneos26.2-23C57-3794476bd08197c3e2abd9bb477ef7f7.sdkstatcache -output-file-map /Users/home/Library/Developer/Xcode/DerivedData/App-flzltcdmtckmrqcuxnypqsjuaodg/Build/Intermediates.noindex/ArchiveIntermediates/App/IntermediateBuildFilesPath/App.build/Release-iphoneos/App.build/Objects-normal/arm64/App-OutputFileMap.json -use-frontend-parseable-output -save-temps -no-color-diagnostics -explicit-module-build -module-cache-path /Users/home/Library/Developer/Xcode/DerivedData/App-flzltcdmtckmrqcuxnypqsjuaodg/Build/Intermediates.noindex/ArchiveIntermediates/App/IntermediateBuildFilesPath/SwiftExplicitPrecompiledModules -clang-scanner-module-cache-path /Users/home/Library/Developer/Xcode/DerivedData/ModuleCache.noindex -sdk-module-cache-path /Users/home/Library/Developer/Xcode/DerivedData/ModuleCache.noindex -serialize-diagnostics -emit-dependencies -emit-module -emit-module-path /Users/home/Library/Developer/Xcode/DerivedData/App-flzltcdmtckmrqcuxnypqsjuaodg/Build/Intermediates.noindex/ArchiveIntermediates/App/IntermediateBuildFilesPath/App.build/Release-iphoneos/App.build/Objects-normal/arm64/App.swiftmodule -validate-clang-modules-once -clang-build-session-file /Users/home/Library/Developer/Xcode/DerivedData/ModuleCache.noindex/Session.modulevalidation -Xcc -I/Users/home/Library/Developer/Xcode/DerivedData/App-flzltcdmtckmrqcuxnypqsjuaodg/Build/Intermediates.noindex/ArchiveIntermediates/App/IntermediateBuildFilesPath/App.build/Release-iphoneos/App.build/swift-overrides.hmap -emit-const-values -Xfrontend -const-gather-protocols-file -Xfrontend /Users/home/Library/Developer/Xcode/DerivedData/App-flzltcdmtckmrqcuxnypqsjuaodg/Build/Intermediates.noindex/ArchiveIntermediates/App/IntermediateBuildFilesPath/App.build/Release-iphoneos/App.build/Objects-normal/arm64/App_const_extract_protocols.json -Xcc -iquote -Xcc /Users/home/Library/Developer/Xcode/DerivedData/App-flzltcdmtckmrqcuxnypqsjuaodg/Build/Intermediates.noindex/ArchiveIntermediates/App/IntermediateBuildFilesPath/App.build/Release-iphoneos/App.build/App-generated-files.hmap -Xcc -I/Users/home/Library/Developer/Xcode/DerivedData/App-flzltcdmtckmrqcuxnypqsjuaodg/Build/Intermediates.noindex/ArchiveIntermediates/App/IntermediateBuildFilesPath/App.build/Release-iphoneos/App.build/App-own-target-headers.hmap -Xcc -I/Users/home/Library/Developer/Xcode/DerivedData/App-flzltcdmtckmrqcuxnypqsjuaodg/Build/Intermediates.noindex/ArchiveIntermediates/App/IntermediateBuildFilesPath/App.build/Release-iphoneos/App.build/App-all-non-framework-target-headers.hmap -Xcc -ivfsoverlay -Xcc /Users/home/Library/Developer/Xcode/DerivedData/App-flzltcdmtckmrqcuxnypqsjuaodg/Build/Intermediates.noindex/ArchiveIntermediates/App/IntermediateBuildFilesPath/App.build/Release-iphoneos/App-0ca3007d900a678c2b4d53418799ee3d-VFS-iphoneos/all-product-headers.yaml -Xcc -iquote -Xcc /Users/home/Library/Developer/Xcode/DerivedData/App-flzltcdmtckmrqcuxnypqsjuaodg/Build/Intermediates.noindex/ArchiveIntermediates/App/IntermediateBuildFilesPath/App.build/Release-iphoneos/App.build/App-project-headers.hmap -Xcc -I/Users/home/Library/Developer/Xcode/DerivedData/App-flzltcdmtckmrqcuxnypqsjuaodg/Build/Intermediates.noindex/ArchiveIntermediates/App/BuildProductsPath/Release-iphoneos/include -Xcc -I/Users/home/Library/Developer/Xcode/DerivedData/App-flzltcdmtckmrqcuxnypqsjuaodg/Build/Intermediates.noindex/ArchiveIntermediates/App/IntermediateBuildFilesPath/App.build/Release-iphoneos/App.build/DerivedSources-normal/arm64 -Xcc -I/Users/home/Library/Developer/Xcode/DerivedData/App-flzltcdmtckmrqcuxnypqsjuaodg/Build/Intermediates.noindex/ArchiveIntermediates/App/IntermediateBuildFilesPath/App.build/Release-iphoneos/App.build/DerivedSources/arm64 -Xcc -I/Users/home/Library/Developer/Xcode/DerivedData/App-flzltcdmtckmrqcuxnypqsjuaodg/Build/Intermediates.noindex/ArchiveIntermediates/App/IntermediateBuildFilesPath/App.build/Release-iphoneos/App.build/DerivedSources -emit-objc-header -emit-objc-header-path /Users/home/Library/Developer/Xcode/DerivedData/App-flzltcdmtckmrqcuxnypqsjuaodg/Build/Intermediates.noindex/ArchiveIntermediates/App/IntermediateBuildFilesPath/App.build/Release-iphoneos/App.build/Objects-normal/arm64/App-Swift.h -working-directory /Users/home/Websites/petrabaptist/ios/App -no-emit-module-separately-wmo

SwiftExplicitDependencyGeneratePcm arm64 /Users/home/Library/Developer/Xcode/DerivedData/App-flzltcdmtckmrqcuxnypqsjuaodg/Build/Intermediates.noindex/ArchiveIntermediates/App/IntermediateBuildFilesPath/SwiftExplicitPrecompiledModules/Cordova-5BCY74PJB21QEV8MV36BQLD4.pcm

RegisterExecutionPolicyException /Users/home/Library/Developer/Xcode/DerivedData/App-flzltcdmtckmrqcuxnypqsjuaodg/Build/Intermediates.noindex/ArchiveIntermediates/App/IntermediateBuildFilesPath/UninstalledProducts/iphoneos/CameraPlugin.o (in target 'CameraPlugin' from project 'CapacitorCamera')
    cd /Users/home/Websites/petrabaptist/node_modules/@capacitor/camera
    builtin-RegisterExecutionPolicyException /Users/home/Library/Developer/Xcode/DerivedData/App-flzltcdmtckmrqcuxnypqsjuaodg/Build/Intermediates.noindex/ArchiveIntermediates/App/IntermediateBuildFilesPath/UninstalledProducts/iphoneos/CameraPlugin.o

Ld /Users/home/Library/Developer/Xcode/DerivedData/App-flzltcdmtckmrqcuxnypqsjuaodg/Build/Intermediates.noindex/ArchiveIntermediates/App/IntermediateBuildFilesPath/UninstalledProducts/iphoneos/CapApp-SPM.o normal (in target 'CapApp-SPM' from project 'CapApp-SPM')
    cd /Users/home/Websites/petrabaptist/ios/App/CapApp-SPM
    /Applications/Xcode.app/Contents/Developer/Toolchains/XcodeDefault.xctoolchain/usr/bin/clang -Xlinker -reproducible -target arm64-apple-ios15.0 -r -isysroot /Applications/Xcode.app/Contents/Developer/Platforms/iPhoneOS.platform/Developer/SDKs/iPhoneOS26.2.sdk -Os -w -L/Users/home/Library/Developer/Xcode/DerivedData/App-flzltcdmtckmrqcuxnypqsjuaodg/Build/Intermediates.noindex/ArchiveIntermediates/App/IntermediateBuildFilesPath/EagerLinkingTBDs/Release-iphoneos -L/Users/home/Library/Developer/Xcode/DerivedData/App-flzltcdmtckmrqcuxnypqsjuaodg/Build/Intermediates.noindex/ArchiveIntermediates/App/BuildProductsPath/Release-iphoneos -L/Applications/Xcode.app/Contents/Developer/Platforms/iPhoneOS.platform/Developer/usr/lib -F/Users/home/Library/Developer/Xcode/DerivedData/App-flzltcdmtckmrqcuxnypqsjuaodg/Build/Intermediates.noindex/ArchiveIntermediates/App/IntermediateBuildFilesPath/EagerLinkingTBDs/Release-iphoneos -F/Users/home/Library/Developer/Xcode/DerivedData/App-flzltcdmtckmrqcuxnypqsjuaodg/Build/Intermediates.noindex/ArchiveIntermediates/App/BuildProductsPath/Release-iphoneos/PackageFrameworks -F/Users/home/Library/Developer/Xcode/DerivedData/App-flzltcdmtckmrqcuxnypqsjuaodg/Build/Intermediates.noindex/ArchiveIntermediates/App/BuildProductsPath/Release-iphoneos/PackageFrameworks -F/Users/home/Library/Developer/Xcode/DerivedData/App-flzltcdmtckmrqcuxnypqsjuaodg/Build/Intermediates.noindex/ArchiveIntermediates/App/BuildProductsPath/Release-iphoneos/PackageFrameworks -F/Users/home/Library/Developer/Xcode/DerivedData/App-flzltcdmtckmrqcuxnypqsjuaodg/Build/Intermediates.noindex/ArchiveIntermediates/App/BuildProductsPath/Release-iphoneos -iframework /Applications/Xcode.app/Contents/Developer/Platforms/iPhoneOS.platform/Developer/Library/Frameworks -iframework /Applications/Xcode.app/Contents/Developer/Platforms/iPhoneOS.platform/Developer/SDKs/iPhoneOS26.2.sdk/Developer/Library/Frameworks -filelist /Users/home/Library/Developer/Xcode/DerivedData/App-flzltcdmtckmrqcuxnypqsjuaodg/Build/Intermediates.noindex/ArchiveIntermediates/App/IntermediateBuildFilesPath/CapApp-SPM.build/Release-iphoneos/CapApp-SPM.build/Objects-normal/arm64/CapApp-SPM.LinkFileList -nostdlib -Xlinker -object_path_lto -Xlinker /Users/home/Library/Developer/Xcode/DerivedData/App-flzltcdmtckmrqcuxnypqsjuaodg/Build/Intermediates.noindex/ArchiveIntermediates/App/IntermediateBuildFilesPath/CapApp-SPM.build/Release-iphoneos/CapApp-SPM.build/Objects-normal/arm64/CapApp-SPM_lto.o -Xlinker -dependency_info -Xlinker /Users/home/Library/Developer/Xcode/DerivedData/App-flzltcdmtckmrqcuxnypqsjuaodg/Build/Intermediates.noindex/ArchiveIntermediates/App/IntermediateBuildFilesPath/CapApp-SPM.build/Release-iphoneos/CapApp-SPM.build/Objects-normal/arm64/CapApp-SPM_dependency_info.dat -fobjc-link-runtime -L/Applications/Xcode.app/Contents/Developer/Toolchains/XcodeDefault.xctoolchain/usr/lib/swift/iphoneos -L/usr/lib/swift -Xlinker -add_ast_path -Xlinker /Users/home/Library/Developer/Xcode/DerivedData/App-flzltcdmtckmrqcuxnypqsjuaodg/Build/Intermediates.noindex/ArchiveIntermediates/App/IntermediateBuildFilesPath/CapApp-SPM.build/Release-iphoneos/CapApp-SPM.build/Objects-normal/arm64/CapApp_SPM.swiftmodule @/Users/home/Library/Developer/Xcode/DerivedData/App-flzltcdmtckmrqcuxnypqsjuaodg/Build/Intermediates.noindex/ArchiveIntermediates/App/IntermediateBuildFilesPath/CapApp-SPM.build/Release-iphoneos/CapApp-SPM.build/Objects-normal/arm64/CapApp_SPM-linker-args.resp -o /Users/home/Library/Developer/Xcode/DerivedData/App-flzltcdmtckmrqcuxnypqsjuaodg/Build/Intermediates.noindex/ArchiveIntermediates/App/IntermediateBuildFilesPath/UninstalledProducts/iphoneos/CapApp-SPM.o

ExtractAppIntentsMetadata (in target 'CapApp-SPM' from project 'CapApp-SPM')
    cd /Users/home/Websites/petrabaptist/ios/App/CapApp-SPM
    /Applications/Xcode.app/Contents/Developer/Toolchains/XcodeDefault.xctoolchain/usr/bin/appintentsmetadataprocessor --toolchain-dir /Applications/Xcode.app/Contents/Developer/Toolchains/XcodeDefault.xctoolchain --module-name CapApp_SPM --sdk-root /Applications/Xcode.app/Contents/Developer/Platforms/iPhoneOS.platform/Developer/SDKs/iPhoneOS26.2.sdk --xcode-version 17C519 --platform-family iOS --deployment-target 15.0 --bundle-identifier capapp-spm.CapApp-SPM --output /Users/home/Library/Developer/Xcode/DerivedData/App-flzltcdmtckmrqcuxnypqsjuaodg/Build/Intermediates.noindex/ArchiveIntermediates/App/IntermediateBuildFilesPath/UninstalledProducts/iphoneos/CapApp_SPM.appintents --target-triple arm64-apple-ios15.0 --binary-file /Users/home/Library/Developer/Xcode/DerivedData/App-flzltcdmtckmrqcuxnypqsjuaodg/Build/Intermediates.noindex/ArchiveIntermediates/App/IntermediateBuildFilesPath/UninstalledProducts/iphoneos/CapApp-SPM.o --dependency-file /Users/home/Library/Developer/Xcode/DerivedData/App-flzltcdmtckmrqcuxnypqsjuaodg/Build/Intermediates.noindex/ArchiveIntermediates/App/IntermediateBuildFilesPath/CapApp-SPM.build/Release-iphoneos/CapApp-SPM.build/Objects-normal/arm64/CapApp-SPM_dependency_info.dat --stringsdata-file /Users/home/Library/Developer/Xcode/DerivedData/App-flzltcdmtckmrqcuxnypqsjuaodg/Build/Intermediates.noindex/ArchiveIntermediates/App/IntermediateBuildFilesPath/CapApp-SPM.build/Release-iphoneos/CapApp-SPM.build/Objects-normal/arm64/ExtractedAppShortcutsMetadata.stringsdata --source-file-list /Users/home/Library/Developer/Xcode/DerivedData/App-flzltcdmtckmrqcuxnypqsjuaodg/Build/Intermediates.noindex/ArchiveIntermediates/App/IntermediateBuildFilesPath/CapApp-SPM.build/Release-iphoneos/CapApp-SPM.build/Objects-normal/arm64/CapApp-SPM.SwiftFileList --metadata-file-list /Users/home/Library/Developer/Xcode/DerivedData/App-flzltcdmtckmrqcuxnypqsjuaodg/Build/Intermediates.noindex/ArchiveIntermediates/App/IntermediateBuildFilesPath/CapApp-SPM.build/Release-iphoneos/CapApp-SPM.build/CapApp-SPM.DependencyMetadataFileList --static-metadata-file-list /Users/home/Library/Developer/Xcode/DerivedData/App-flzltcdmtckmrqcuxnypqsjuaodg/Build/Intermediates.noindex/ArchiveIntermediates/App/IntermediateBuildFilesPath/CapApp-SPM.build/Release-iphoneos/CapApp-SPM.build/CapApp-SPM.DependencyStaticMetadataFileList --swift-const-vals-list /Users/home/Library/Developer/Xcode/DerivedData/App-flzltcdmtckmrqcuxnypqsjuaodg/Build/Intermediates.noindex/ArchiveIntermediates/App/IntermediateBuildFilesPath/CapApp-SPM.build/Release-iphoneos/CapApp-SPM.build/Objects-normal/arm64/CapApp-SPM.SwiftConstValuesFileList --force --compile-time-extraction --deployment-aware-processing --validate-assistant-intents --no-app-shortcuts-localization
2026-09-07 17:33:50.865 appintentsmetadataprocessor[1194:12154222] Starting appintentsmetadataprocessor export
2026-09-07 17:33:54.583 appintentsmetadataprocessor[1194:12154222] Extracted no relevant App Intents symbols, skipping writing output

SwiftExplicitDependencyGeneratePcm arm64 /Users/home/Library/Developer/Xcode/DerivedData/App-flzltcdmtckmrqcuxnypqsjuaodg/Build/Intermediates.noindex/ArchiveIntermediates/App/IntermediateBuildFilesPath/SwiftExplicitPrecompiledModules/Capacitor-5ZHQ2ZG324B5Z7NJGP2MTEZQL.pcm

SwiftExplicitDependencyCompileModuleFromInterface arm64 /Users/home/Library/Developer/Xcode/DerivedData/App-flzltcdmtckmrqcuxnypqsjuaodg/Build/Intermediates.noindex/ArchiveIntermediates/App/IntermediateBuildFilesPath/SwiftExplicitPrecompiledModules/Capacitor-3C5PHU81MP9J9.swiftmodule

SetOwnerAndGroup home:staff /Users/home/Library/Developer/Xcode/DerivedData/App-flzltcdmtckmrqcuxnypqsjuaodg/Build/Intermediates.noindex/ArchiveIntermediates/App/IntermediateBuildFilesPath/UninstalledProducts/iphoneos/CapApp-SPM.o (in target 'CapApp-SPM' from project 'CapApp-SPM')
    cd /Users/home/Websites/petrabaptist/ios/App/CapApp-SPM
    /usr/sbin/chown -RH home:staff /Users/home/Library/Developer/Xcode/DerivedData/App-flzltcdmtckmrqcuxnypqsjuaodg/Build/Intermediates.noindex/ArchiveIntermediates/App/IntermediateBuildFilesPath/UninstalledProducts/iphoneos/CapApp-SPM.o

SetMode u+w,go-w,a+rX /Users/home/Library/Developer/Xcode/DerivedData/App-flzltcdmtckmrqcuxnypqsjuaodg/Build/Intermediates.noindex/ArchiveIntermediates/App/IntermediateBuildFilesPath/UninstalledProducts/iphoneos/CapApp-SPM.o (in target 'CapApp-SPM' from project 'CapApp-SPM')
    cd /Users/home/Websites/petrabaptist/ios/App/CapApp-SPM
    /bin/chmod -RH u+w,go-w,a+rX /Users/home/Library/Developer/Xcode/DerivedData/App-flzltcdmtckmrqcuxnypqsjuaodg/Build/Intermediates.noindex/ArchiveIntermediates/App/IntermediateBuildFilesPath/UninstalledProducts/iphoneos/CapApp-SPM.o

RegisterExecutionPolicyException /Users/home/Library/Developer/Xcode/DerivedData/App-flzltcdmtckmrqcuxnypqsjuaodg/Build/Intermediates.noindex/ArchiveIntermediates/App/IntermediateBuildFilesPath/UninstalledProducts/iphoneos/CapApp-SPM.o (in target 'CapApp-SPM' from project 'CapApp-SPM')
    cd /Users/home/Websites/petrabaptist/ios/App/CapApp-SPM
    builtin-RegisterExecutionPolicyException /Users/home/Library/Developer/Xcode/DerivedData/App-flzltcdmtckmrqcuxnypqsjuaodg/Build/Intermediates.noindex/ArchiveIntermediates/App/IntermediateBuildFilesPath/UninstalledProducts/iphoneos/CapApp-SPM.o

CpResource /Users/home/Library/Developer/Xcode/DerivedData/App-flzltcdmtckmrqcuxnypqsjuaodg/Build/Intermediates.noindex/ArchiveIntermediates/App/InstallationBuildProductsLocation/Applications/App.app/config.xml /Users/home/Websites/petrabaptist/ios/App/App/config.xml (in target 'App' from project 'App')
    cd /Users/home/Websites/petrabaptist/ios/App
    builtin-copy -exclude .DS_Store -exclude CVS -exclude .svn -exclude .git -exclude .hg -resolve-src-symlinks /Users/home/Websites/petrabaptist/ios/App/App/config.xml /Users/home/Library/Developer/Xcode/DerivedData/App-flzltcdmtckmrqcuxnypqsjuaodg/Build/Intermediates.noindex/ArchiveIntermediates/App/InstallationBuildProductsLocation/Applications/App.app

CpResource /Users/home/Library/Developer/Xcode/DerivedData/App-flzltcdmtckmrqcuxnypqsjuaodg/Build/Intermediates.noindex/ArchiveIntermediates/App/InstallationBuildProductsLocation/Applications/App.app/public /Users/home/Websites/petrabaptist/ios/App/App/public (in target 'App' from project 'App')
    cd /Users/home/Websites/petrabaptist/ios/App
    builtin-copy -exclude .DS_Store -exclude CVS -exclude .svn -exclude .git -exclude .hg -resolve-src-symlinks /Users/home/Websites/petrabaptist/ios/App/App/public /Users/home/Library/Developer/Xcode/DerivedData/App-flzltcdmtckmrqcuxnypqsjuaodg/Build/Intermediates.noindex/ArchiveIntermediates/App/InstallationBuildProductsLocation/Applications/App.app

CpResource /Users/home/Library/Developer/Xcode/DerivedData/App-flzltcdmtckmrqcuxnypqsjuaodg/Build/Intermediates.noindex/ArchiveIntermediates/App/InstallationBuildProductsLocation/Applications/App.app/capacitor.config.json /Users/home/Websites/petrabaptist/ios/App/App/capacitor.config.json (in target 'App' from project 'App')
    cd /Users/home/Websites/petrabaptist/ios/App
    builtin-copy -exclude .DS_Store -exclude CVS -exclude .svn -exclude .git -exclude .hg -resolve-src-symlinks /Users/home/Websites/petrabaptist/ios/App/App/capacitor.config.json /Users/home/Library/Developer/Xcode/DerivedData/App-flzltcdmtckmrqcuxnypqsjuaodg/Build/Intermediates.noindex/ArchiveIntermediates/App/InstallationBuildProductsLocation/Applications/App.app

Copy /Users/home/Library/Developer/Xcode/DerivedData/App-flzltcdmtckmrqcuxnypqsjuaodg/Build/Intermediates.noindex/ArchiveIntermediates/App/InstallationBuildProductsLocation/Applications/App.app/Frameworks/Cordova.framework /Users/home/Library/Developer/Xcode/DerivedData/App-flzltcdmtckmrqcuxnypqsjuaodg/SourcePackages/artifacts/capacitor-swift-pm/Cordova/Cordova.xcframework/ios-arm64/Cordova.framework (in target 'App' from project 'App')
    cd /Users/home/Websites/petrabaptist/ios/App
    builtin-copy -exclude .DS_Store -exclude CVS -exclude .svn -exclude .git -exclude .hg -exclude Headers -exclude PrivateHeaders -exclude Modules -exclude \*.tbd -bitcode-strip all -bitcode-strip-tool /Applications/Xcode.app/Contents/Developer/Toolchains/XcodeDefault.xctoolchain/usr/bin/bitcode_strip -resolve-src-symlinks -remove-static-executable /Users/home/Library/Developer/Xcode/DerivedData/App-flzltcdmtckmrqcuxnypqsjuaodg/SourcePackages/artifacts/capacitor-swift-pm/Cordova/Cordova.xcframework/ios-arm64/Cordova.framework /Users/home/Library/Developer/Xcode/DerivedData/App-flzltcdmtckmrqcuxnypqsjuaodg/Build/Intermediates.noindex/ArchiveIntermediates/App/InstallationBuildProductsLocation/Applications/App.app/Frameworks
/Applications/Xcode.app/Contents/Developer/Toolchains/XcodeDefault.xctoolchain/usr/bin/bitcode_strip /Users/home/Library/Developer/Xcode/DerivedData/App-flzltcdmtckmrqcuxnypqsjuaodg/SourcePackages/artifacts/capacitor-swift-pm/Cordova/Cordova.xcframework/ios-arm64/Cordova.framework/Cordova -r -o /Users/home/Library/Developer/Xcode/DerivedData/App-flzltcdmtckmrqcuxnypqsjuaodg/Build/Intermediates.noindex/ArchiveIntermediates/App/InstallationBuildProductsLocation/Applications/App.app/Frameworks/Cordova.framework/Cordova

Copy /Users/home/Library/Developer/Xcode/DerivedData/App-flzltcdmtckmrqcuxnypqsjuaodg/Build/Intermediates.noindex/ArchiveIntermediates/App/InstallationBuildProductsLocation/Applications/App.app/Frameworks/Capacitor.framework /Users/home/Library/Developer/Xcode/DerivedData/App-flzltcdmtckmrqcuxnypqsjuaodg/SourcePackages/artifacts/capacitor-swift-pm/Capacitor/Capacitor.xcframework/ios-arm64/Capacitor.framework (in target 'App' from project 'App')
    cd /Users/home/Websites/petrabaptist/ios/App
    builtin-copy -exclude .DS_Store -exclude CVS -exclude .svn -exclude .git -exclude .hg -exclude Headers -exclude PrivateHeaders -exclude Modules -exclude \*.tbd -bitcode-strip all -bitcode-strip-tool /Applications/Xcode.app/Contents/Developer/Toolchains/XcodeDefault.xctoolchain/usr/bin/bitcode_strip -resolve-src-symlinks -remove-static-executable /Users/home/Library/Developer/Xcode/DerivedData/App-flzltcdmtckmrqcuxnypqsjuaodg/SourcePackages/artifacts/capacitor-swift-pm/Capacitor/Capacitor.xcframework/ios-arm64/Capacitor.framework /Users/home/Library/Developer/Xcode/DerivedData/App-flzltcdmtckmrqcuxnypqsjuaodg/Build/Intermediates.noindex/ArchiveIntermediates/App/InstallationBuildProductsLocation/Applications/App.app/Frameworks
/Applications/Xcode.app/Contents/Developer/Toolchains/XcodeDefault.xctoolchain/usr/bin/bitcode_strip /Users/home/Library/Developer/Xcode/DerivedData/App-flzltcdmtckmrqcuxnypqsjuaodg/SourcePackages/artifacts/capacitor-swift-pm/Capacitor/Capacitor.xcframework/ios-arm64/Capacitor.framework/Capacitor -r -o /Users/home/Library/Developer/Xcode/DerivedData/App-flzltcdmtckmrqcuxnypqsjuaodg/Build/Intermediates.noindex/ArchiveIntermediates/App/InstallationBuildProductsLocation/Applications/App.app/Frameworks/Capacitor.framework/Capacitor

CompileStoryboard /Users/home/Websites/petrabaptist/ios/App/App/Base.lproj/Main.storyboard (in target 'App' from project 'App')
    cd /Users/home/Websites/petrabaptist/ios/App
    /Applications/Xcode.app/Contents/Developer/usr/bin/ibtool --errors --warnings --notices --module App --output-partial-info-plist /Users/home/Library/Developer/Xcode/DerivedData/App-flzltcdmtckmrqcuxnypqsjuaodg/Build/Intermediates.noindex/ArchiveIntermediates/App/IntermediateBuildFilesPath/App.build/Release-iphoneos/App.build/Base.lproj/Main-SBPartialInfo.plist --auto-activate-custom-fonts --target-device iphone --target-device ipad --minimum-deployment-target 15.0 --output-format human-readable-text /Users/home/Websites/petrabaptist/ios/App/App/Base.lproj/Main.storyboard --compilation-directory /Users/home/Library/Developer/Xcode/DerivedData/App-flzltcdmtckmrqcuxnypqsjuaodg/Build/Intermediates.noindex/ArchiveIntermediates/App/IntermediateBuildFilesPath/App.build/Release-iphoneos/App.build/Base.lproj

CompileStoryboard /Users/home/Websites/petrabaptist/ios/App/App/Base.lproj/LaunchScreen.storyboard (in target 'App' from project 'App')
    cd /Users/home/Websites/petrabaptist/ios/App
    /Applications/Xcode.app/Contents/Developer/usr/bin/ibtool --errors --warnings --notices --module App --output-partial-info-plist /Users/home/Library/Developer/Xcode/DerivedData/App-flzltcdmtckmrqcuxnypqsjuaodg/Build/Intermediates.noindex/ArchiveIntermediates/App/IntermediateBuildFilesPath/App.build/Release-iphoneos/App.build/Base.lproj/LaunchScreen-SBPartialInfo.plist --auto-activate-custom-fonts --target-device iphone --target-device ipad --minimum-deployment-target 15.0 --output-format human-readable-text /Users/home/Websites/petrabaptist/ios/App/App/Base.lproj/LaunchScreen.storyboard --compilation-directory /Users/home/Library/Developer/Xcode/DerivedData/App-flzltcdmtckmrqcuxnypqsjuaodg/Build/Intermediates.noindex/ArchiveIntermediates/App/IntermediateBuildFilesPath/App.build/Release-iphoneos/App.build/Base.lproj

CodeSign /Users/home/Library/Developer/Xcode/DerivedData/App-flzltcdmtckmrqcuxnypqsjuaodg/Build/Intermediates.noindex/ArchiveIntermediates/App/InstallationBuildProductsLocation/Applications/App.app/Frameworks/Cordova.framework (in target 'App' from project 'App')
    cd /Users/home/Websites/petrabaptist/ios/App
    
    Signing Identity:     "Apple Development: Rev Owens (R6P3TGUHW8)"
    Provisioning Profile: "iOS Team Provisioning Profile: *"
                          (cd02b4e0-ba1e-4f1a-a184-8f3904c23531)
    
    /usr/bin/codesign --force --sign DA47A198E942C2047C3C6BFFFC2A723837C7573A --preserve-metadata\=identifier,entitlements,flags --generate-entitlement-der /Users/home/Library/Developer/Xcode/DerivedData/App-flzltcdmtckmrqcuxnypqsjuaodg/Build/Intermediates.noindex/ArchiveIntermediates/App/InstallationBuildProductsLocation/Applications/App.app/Frameworks/Cordova.framework

SwiftCompile normal arm64 Compiling\ AppDelegate.swift,\ GeneratedAssetSymbols.swift /Users/home/Websites/petrabaptist/ios/App/App/AppDelegate.swift /Users/home/Library/Developer/Xcode/DerivedData/App-flzltcdmtckmrqcuxnypqsjuaodg/Build/Intermediates.noindex/ArchiveIntermediates/App/IntermediateBuildFilesPath/App.build/Release-iphoneos/App.build/DerivedSources/GeneratedAssetSymbols.swift /Applications/Xcode.app/Contents/Developer/Toolchains/XcodeDefault.xctoolchain/usr/lib/swift/iphoneos/prebuilt-modules/26.2/FileProvider.swiftmodule/arm64e-apple-ios.swiftmodule /Applications/Xcode.app/Contents/Developer/Toolchains/XcodeDefault.xctoolchain/usr/lib/swift/iphoneos/prebuilt-modules/26.2/CoreTransferable.swiftmodule/arm64e-apple-ios.swiftmodule /Applications/Xcode.app/Contents/Developer/Toolchains/XcodeDefault.xctoolchain/usr/lib/swift/iphoneos/prebuilt-modules/26.2/Swift.swiftmodule/arm64e-apple-ios.swiftmodule /Applications/Xcode.app/Contents/Developer/Toolchains/XcodeDefault.xctoolchain/usr/lib/swift/iphoneos/prebuilt-modules/26.2/System.swiftmodule/arm64e-apple-ios.swiftmodule /Applications/Xcode.app/Contents/Developer/Toolchains/XcodeDefault.xctoolchain/usr/lib/swift/iphoneos/prebuilt-modules/26.2/CoreGraphics.swiftmodule/arm64e-apple-ios.swiftmodule /Applications/Xcode.app/Contents/Developer/Toolchains/XcodeDefault.xctoolchain/usr/lib/swift/iphoneos/prebuilt-modules/26.2/SwiftUICore.swiftmodule/arm64e-apple-ios.swiftmodule /Applications/Xcode.app/Contents/Developer/Toolchains/XcodeDefault.xctoolchain/usr/lib/swift/iphoneos/prebuilt-modules/26.2/ObjectiveC.swiftmodule/arm64e-apple-ios.swiftmodule /Applications/Xcode.app/Contents/Developer/Toolchains/XcodeDefault.xctoolchain/usr/lib/swift/iphoneos/prebuilt-modules/26.2/Dispatch.swiftmodule/arm64e-apple-ios.swiftmodule /Applications/Xcode.app/Contents/Developer/Toolchains/XcodeDefault.xctoolchain/usr/lib/swift/iphoneos/prebuilt-modules/26.2/Accessibility.swiftmodule/arm64e-apple-ios.swiftmodule /Applications/Xcode.app/Contents/Developer/Toolchains/XcodeDefault.xctoolchain/usr/lib/swift/iphoneos/prebuilt-modules/26.2/_DarwinFoundation1.swiftmodule/arm64e-apple-ios.swiftmodule /Applications/Xcode.app/Contents/Developer/Toolchains/XcodeDefault.xctoolchain/usr/lib/swift/iphoneos/prebuilt-modules/26.2/Foundation.swiftmodule/arm64e-apple-ios.swiftmodule /Applications/Xcode.app/Contents/Developer/Toolchains/XcodeDefault.xctoolchain/usr/lib/swift/iphoneos/prebuilt-modules/26.2/QuartzCore.swiftmodule/arm64e-apple-ios.swiftmodule /Applications/Xcode.app/Contents/Developer/Toolchains/XcodeDefault.xctoolchain/usr/lib/swift/iphoneos/prebuilt-modules/26.2/DeveloperToolsSupport.swiftmodule/arm64e-apple-ios.swiftmodule /Applications/Xcode.app/Contents/Developer/Toolchains/XcodeDefault.xctoolchain/usr/lib/swift/iphoneos/prebuilt-modules/26.2/WebKit.swiftmodule/arm64e-apple-ios.swiftmodule /Applications/Xcode.app/Contents/Developer/Toolchains/XcodeDefault.xctoolchain/usr/lib/swift/iphoneos/prebuilt-modules/26.2/UniformTypeIdentifiers.swiftmodule/arm64e-apple-ios.swiftmodule /Applications/Xcode.app/Contents/Developer/Toolchains/XcodeDefault.xctoolchain/usr/lib/swift/iphoneos/prebuilt-modules/26.2/SwiftUI.swiftmodule/arm64e-apple-ios.swiftmodule /Applications/Xcode.app/Contents/Developer/Toolchains/XcodeDefault.xctoolchain/usr/lib/swift/iphoneos/prebuilt-modules/26.2/Symbols.swiftmodule/arm64e-apple-ios.swiftmodule /Applications/Xcode.app/Contents/Developer/Toolchains/XcodeDefault.xctoolchain/usr/lib/swift/iphoneos/prebuilt-modules/26.2/CoreVideo.swiftmodule/arm64e-apple-ios.swiftmodule /Applications/Xcode.app/Contents/Developer/Toolchains/XcodeDefault.xctoolchain/usr/lib/swift/iphoneos/prebuilt-modules/26.2/OSLog.swiftmodule/arm64e-apple-ios.swiftmodule /Applications/Xcode.app/Contents/Developer/Toolchains/XcodeDefault.xctoolchain/usr/lib/swift/iphoneos/prebuilt-modules/26.2/Darwin.swiftmodule/arm64e-apple-ios.swiftmodule /Applications/Xcode.app/Contents/Developer/Toolchains/XcodeDefault.xctoolchain/usr/lib/swift/iphoneos/prebuilt-modules/26.2/CoreFoundation.swiftmodule/arm64e-apple-ios.swiftmodule /Applications/Xcode.app/Contents/Developer/Toolchains/XcodeDefault.xctoolchain/usr/lib/swift/iphoneos/prebuilt-modules/26.2/_DarwinFoundation2.swiftmodule/arm64e-apple-ios.swiftmodule /Applications/Xcode.app/Contents/Developer/Toolchains/XcodeDefault.xctoolchain/usr/lib/swift/iphoneos/prebuilt-modules/26.2/XPC.swiftmodule/arm64e-apple-ios.swiftmodule /Applications/Xcode.app/Contents/Developer/Toolchains/XcodeDefault.xctoolchain/usr/lib/swift/iphoneos/prebuilt-modules/26.2/_Builtin_float.swiftmodule/arm64e-apple-ios.swiftmodule /Applications/Xcode.app/Contents/Developer/Toolchains/XcodeDefault.xctoolchain/usr/lib/swift/iphoneos/prebuilt-modules/26.2/Spatial.swiftmodule/arm64e-apple-ios.swiftmodule /Applications/Xcode.app/Contents/Developer/Toolchains/XcodeDefault.xctoolchain/usr/lib/swift/iphoneos/prebuilt-modules/26.2/_StringProcessing.swiftmodule/arm64e-apple-ios.swiftmodule /Applications/Xcode.app/Contents/Developer/Toolchains/XcodeDefault.xctoolchain/usr/lib/swift/iphoneos/prebuilt-modules/26.2/CoreText.swiftmodule/arm64e-apple-ios.swiftmodule /Applications/Xcode.app/Contents/Developer/Toolchains/XcodeDefault.xctoolchain/usr/lib/swift/iphoneos/prebuilt-modules/26.2/_Concurrency.swiftmodule/arm64e-apple-ios.swiftmodule /Applications/Xcode.app/Contents/Developer/Toolchains/XcodeDefault.xctoolchain/usr/lib/swift/iphoneos/prebuilt-modules/26.2/Combine.swiftmodule/arm64e-apple-ios.swiftmodule /Applications/Xcode.app/Contents/Developer/Toolchains/XcodeDefault.xctoolchain/usr/lib/swift/iphoneos/prebuilt-modules/26.2/os.swiftmodule/arm64e-apple-ios.swiftmodule /Applications/Xcode.app/Contents/Developer/Toolchains/XcodeDefault.xctoolchain/usr/lib/swift/iphoneos/prebuilt-modules/26.2/UIKit.swiftmodule/arm64e-apple-ios.swiftmodule /Applications/Xcode.app/Contents/Developer/Toolchains/XcodeDefault.xctoolchain/usr/lib/swift/iphoneos/prebuilt-modules/26.2/simd.swiftmodule/arm64e-apple-ios.swiftmodule /Applications/Xcode.app/Contents/Developer/Toolchains/XcodeDefault.xctoolchain/usr/lib/swift/iphoneos/prebuilt-modules/26.2/Metal.swiftmodule/arm64e-apple-ios.swiftmodule /Users/home/Library/Developer/Xcode/DerivedData/App-flzltcdmtckmrqcuxnypqsjuaodg/Build/Intermediates.noindex/ArchiveIntermediates/App/IntermediateBuildFilesPath/SwiftExplicitPrecompiledModules/Capacitor-3C5PHU81MP9J9.swiftmodule /Applications/Xcode.app/Contents/Developer/Toolchains/XcodeDefault.xctoolchain/usr/lib/swift/iphoneos/prebuilt-modules/26.2/DataDetection.swiftmodule/arm64e-apple-ios.swiftmodule /Applications/Xcode.app/Contents/Developer/Toolchains/XcodeDefault.xctoolchain/usr/lib/swift/iphoneos/prebuilt-modules/26.2/_DarwinFoundation3.swiftmodule/arm64e-apple-ios.swiftmodule /Applications/Xcode.app/Contents/Developer/Toolchains/XcodeDefault.xctoolchain/usr/lib/swift/iphoneos/prebuilt-modules/26.2/Observation.swiftmodule/arm64e-apple-ios.swiftmodule /Applications/Xcode.app/Contents/Developer/Toolchains/XcodeDefault.xctoolchain/usr/lib/swift/iphoneos/prebuilt-modules/26.2/Network.swiftmodule/arm64e-apple-ios.swiftmodule /Applications/Xcode.app/Contents/Developer/Toolchains/XcodeDefault.xctoolchain/usr/lib/swift/iphoneos/prebuilt-modules/26.2/CoreImage.swiftmodule/arm64e-apple-ios.swiftmodule /Applications/Xcode.app/Contents/Developer/Toolchains/XcodeDefault.xctoolchain/usr/lib/swift/iphoneos/prebuilt-modules/26.2/CoreData.swiftmodule/arm64e-apple-ios.swiftmodule /Applications/Xcode.app/Contents/Developer/Toolchains/XcodeDefault.xctoolchain/usr/lib/swift/iphoneos/prebuilt-modules/26.2/Distributed.swiftmodule/arm64e-apple-ios.swiftmodule /Users/home/Library/Developer/Xcode/DerivedData/ModuleCache.noindex/DataDetection-7O35WJZSNB216LTYQLNIU2LHF.pcm /Users/home/Library/Developer/Xcode/DerivedData/ModuleCache.noindex/CoreVideo-ACD1CB3A0DDJ08QS2EDDEH6NJ.pcm /Users/home/Library/Developer/Xcode/DerivedData/ModuleCache.noindex/ptrauth-477FXG11T491JCCTG0XEATT2H.pcm /Users/home/Library/Developer/Xcode/DerivedData/ModuleCache.noindex/SwiftUICore-1TS23KSOB89GO0WZR9HPLV660.pcm /Users/home/Library/Developer/Xcode/DerivedData/ModuleCache.noindex/Foundation-CK9ZECB83S42I63KOLQEFH70A.pcm /Users/home/Library/Developer/Xcode/DerivedData/ModuleCache.noindex/_Builtin_stdint-CY6HJZDEEC20LTGZC7GUMB26S.pcm /Users/home/Library/Developer/Xcode/DerivedData/ModuleCache.noindex/SwiftShims-BSA3CU00W6J52SJIC95IWRN46.pcm /Users/home/Library/Developer/Xcode/DerivedData/ModuleCache.noindex/_Builtin_intrinsics-93IH52WKWQWW8JN8T1XHWM23.pcm /Users/home/Library/Developer/Xcode/DerivedData/ModuleCache.noindex/Metal-3RNLGKHK5CLNNET657BPOMTZR.pcm /Users/home/Library/Developer/Xcode/DerivedData/ModuleCache.noindex/CoreTransferable-7UH3HRBL1STFX0E3RKK5GLGB2.pcm /Users/home/Library/Developer/Xcode/DerivedData/ModuleCache.noindex/ObjectiveC-1DRBITYY56INJWZ43A2O68L30.pcm /Users/home/Library/Developer/Xcode/DerivedData/ModuleCache.noindex/Spatial-CK9KB7MYKDLU1FZH5ZKVTYG3E.pcm /Users/home/Library/Developer/Xcode/DerivedData/ModuleCache.noindex/os-76GR94FQGL6BWABJ5S441Y64R.pcm /Users/home/Library/Developer/Xcode/DerivedData/ModuleCache.noindex/ptrcheck-15QUFOJCJWYF77HLEOBYNLYVW.pcm /Users/home/Library/Developer/Xcode/DerivedData/ModuleCache.noindex/IOSurface-6G014QISJ7M9AKCOZHQEIS2M0.pcm /Users/home/Library/Developer/Xcode/DerivedData/ModuleCache.noindex/XPC-G1TZOCNFWPKYHMPFMKM89BM0.pcm /Users/home/Library/Developer/Xcode/DerivedData/ModuleCache.noindex/_SwiftConcurrencyShims-4EZ0K0ST4T16UP6WAMR3JKJX6.pcm /Users/home/Library/Developer/Xcode/DerivedData/ModuleCache.noindex/_DarwinFoundation2-59QULVLJMXW0R42WHQMW6XG8S.pcm /Users/home/Library/Developer/Xcode/DerivedData/ModuleCache.noindex/UniformTypeIdentifiers-34JVC81BOVHUCSTB5ZZU53KL7.pcm /Users/home/Library/Developer/Xcode/DerivedData/ModuleCache.noindex/dnssd-EY9R8DDZDVKDXS4M89G1439YZ.pcm /Users/home/Library/Developer/Xcode/DerivedData/ModuleCache.noindex/_AvailabilityInternal-3LWC6DW4TBBPAKS1WQXKXXZWU.pcm /Users/home/Library/Developer/Xcode/DerivedData/ModuleCache.noindex/CoreGraphics-BKXQR1SMC1303VVFAZKGLLF3K.pcm /Users/home/Library/Developer/Xcode/DerivedData/ModuleCache.noindex/_Builtin_tgmath-9AYEO1465JL0ZBFG5KKULPTYE.pcm /Users/home/Library/Developer/Xcode/DerivedData/ModuleCache.noindex/QuartzCore-8HCKA3WPXBPU7AJOY97Q7P0P4.pcm /Users/home/Library/Developer/Xcode/DerivedData/ModuleCache.noindex/UIKit-DJ4ORI9NSN8LH6F9Z4340LKQC.pcm /Users/home/Library/Developer/Xcode/DerivedData/ModuleCache.noindex/_Builtin_limits-2KJ41HDQWP067XGSY36GSKYMU.pcm /Users/home/Library/Developer/Xcode/DerivedData/ModuleCache.noindex/_DarwinFoundation1-CBRUIBORONCEBW7BVDXKX168G.pcm /Users/home/Library/Developer/Xcode/DerivedData/ModuleCache.noindex/_Builtin_stdatomic-AT6F1U8VZEAR29MAFMLWRQNJE.pcm /Users/home/Library/Developer/Xcode/DerivedData/ModuleCache.noindex/SwiftUI-4JDVM4HKG6133M2VTKB9VUU28.pcm /Users/home/Library/Developer/Xcode/DerivedData/ModuleCache.noindex/MachO-D042JK7DSMGAYPHH2S88S7Z9J.pcm /Users/home/Library/Developer/Xcode/DerivedData/ModuleCache.noindex/FileProvider-6B9UNVXU8U1898HVK09VQLSW5.pcm /Users/home/Library/Developer/Xcode/DerivedData/ModuleCache.noindex/WebKit-2IA7QPJY662EMEJWX18E2AEVK.pcm /Users/home/Library/Developer/Xcode/DerivedData/ModuleCache.noindex/Security-6DATEDMC06IOVYBPFP39N2QIY.pcm /Users/home/Library/Developer/Xcode/DerivedData/ModuleCache.noindex/_Builtin_float-4F2MKYOQMWE05L889276B2ADG.pcm /Users/home/Library/Developer/Xcode/DerivedData/ModuleCache.noindex/UserNotifications-6FD6NWWS1153HAHKSXZLDBGU4.pcm /Users/home/Library/Developer/Xcode/DerivedData/ModuleCache.noindex/simd-62XRP7A16SIB80U0VJJEONVI5.pcm /Users/home/Library/Developer/Xcode/DerivedData/ModuleCache.noindex/Darwin-DSQHKMH7999LOSQE6E1T6P47F.pcm /Users/home/Library/Developer/Xcode/DerivedData/ModuleCache.noindex/CommonCrypto-CX5DEU7Q1AXS78GPSD1N2HWLG.pcm /Users/home/Library/Developer/Xcode/DerivedData/ModuleCache.noindex/CoreData-68U230DBDNRAJ0GM6W0U4YU36.pcm /Users/home/Library/Developer/Xcode/DerivedData/ModuleCache.noindex/Network-6X0QTOZ3DO7UGRDJNJA0QOQAI.pcm /Users/home/Library/Developer/Xcode/DerivedData/ModuleCache.noindex/Dispatch-2KF1DRUN84OOKAGYAU34JMNPF.pcm /Users/home/Library/Developer/Xcode/DerivedData/ModuleCache.noindex/_Builtin_inttypes-DJQIH8M70EON02GPR9CTFIF2C.pcm /Users/home/Library/Developer/Xcode/DerivedData/ModuleCache.noindex/OpenGLES-CS0O007JDGVI2PMRXL8EX2HWC.pcm /Users/home/Library/Developer/Xcode/DerivedData/ModuleCache.noindex/Symbols-EH4N5MYC59CVZ6CJ9TWFUWTGA.pcm /Users/home/Library/Developer/Xcode/DerivedData/ModuleCache.noindex/os_workgroup-99OGAMFRM811UT1Y7JI8A8UMX.pcm /Users/home/Library/Developer/Xcode/DerivedData/ModuleCache.noindex/_Builtin_stdarg-4XMF8EB6MK3BQ26MR9SFCME0J.pcm /Users/home/Library/Developer/Xcode/DerivedData/ModuleCache.noindex/OSLog-B0UJJGKYVROFRFCL37G5P12QL.pcm /Users/home/Library/Developer/Xcode/DerivedData/ModuleCache.noindex/sys_types-2QEWH0EWMGBWFISFTDVSZZY5S.pcm /Users/home/Library/Developer/Xcode/DerivedData/ModuleCache.noindex/CoreFoundation-DF3N07SWRTGT5EAYCG78IR5ZJ.pcm /Users/home/Library/Developer/Xcode/DerivedData/ModuleCache.noindex/UIUtilities-5X69W2O0MAG0UZUIYYU78TVZO.pcm /Users/home/Library/Developer/Xcode/DerivedData/App-flzltcdmtckmrqcuxnypqsjuaodg/Build/Intermediates.noindex/ArchiveIntermediates/App/IntermediateBuildFilesPath/SwiftExplicitPrecompiledModules/Capacitor-5ZHQ2ZG324B5Z7NJGP2MTEZQL.pcm /Users/home/Library/Developer/Xcode/DerivedData/ModuleCache.noindex/DeveloperToolsSupport-2JP0VUO8V9TOM9KDLTYB8LPAC.pcm /Users/home/Library/Developer/Xcode/DerivedData/ModuleCache.noindex/CoreText-AX9LBX4C5UHZJG0UROOS3318C.pcm /Users/home/Library/Developer/Xcode/DerivedData/ModuleCache.noindex/ImageIO-AV4HDS3DRCH58K9H4YTDOVNY3.pcm /Users/home/Library/Developer/Xcode/DerivedData/ModuleCache.noindex/_Builtin_stdbool-9YPA48KY6EMOQUFLHU5VAIVQW.pcm /Users/home/Library/Developer/Xcode/DerivedData/ModuleCache.noindex/CoreImage-6YZ7U76O015O3GJVI47RG5ASX.pcm /Users/home/Library/Developer/Xcode/DerivedData/ModuleCache.noindex/os_object-DWQMPIVS82JBMNYRME476MOW5.pcm /Users/home/Library/Developer/Xcode/DerivedData/ModuleCache.noindex/_Builtin_stddef-ENS5S6MQECYQMAB7UHT17LDCM.pcm /Users/home/Library/Developer/Xcode/DerivedData/ModuleCache.noindex/_DarwinFoundation3-E5Y3SN8TFUGUC5PZNH6GNYUTB.pcm /Users/home/Library/Developer/Xcode/DerivedData/ModuleCache.noindex/Accessibility-3YLBFERYNJ5HX6UYG2MJQKDFM.pcm /Users/home/Library/Developer/Xcode/DerivedData/App-flzltcdmtckmrqcuxnypqsjuaodg/Build/Intermediates.noindex/ArchiveIntermediates/App/IntermediateBuildFilesPath/SwiftExplicitPrecompiledModules/Cordova-5BCY74PJB21QEV8MV36BQLD4.pcm /Users/home/Library/Developer/Xcode/DerivedData/ModuleCache.noindex/CFNetwork-LOHHCYAKSNAPC1X9M06RIRBD.pcm /Users/home/Library/Developer/Xcode/DerivedData/App-flzltcdmtckmrqcuxnypqsjuaodg/Build/Intermediates.noindex/ArchiveIntermediates/App/IntermediateBuildFilesPath/App.build/Release-iphoneos/App.build/Objects-normal/arm64/App-dependencies-1.json (in target 'App' from project 'App')

CompileSwift normal arm64 (in target 'App' from project 'App')
    cd /Users/home/Websites/petrabaptist/ios/App
    

CodeSign /Users/home/Library/Developer/Xcode/DerivedData/App-flzltcdmtckmrqcuxnypqsjuaodg/Build/Intermediates.noindex/ArchiveIntermediates/App/InstallationBuildProductsLocation/Applications/App.app/Frameworks/Capacitor.framework (in target 'App' from project 'App')
    cd /Users/home/Websites/petrabaptist/ios/App
    
    Signing Identity:     "Apple Development: Rev Owens (R6P3TGUHW8)"
    Provisioning Profile: "iOS Team Provisioning Profile: *"
                          (cd02b4e0-ba1e-4f1a-a184-8f3904c23531)
    
    /usr/bin/codesign --force --sign DA47A198E942C2047C3C6BFFFC2A723837C7573A --preserve-metadata\=identifier,entitlements,flags --generate-entitlement-der /Users/home/Library/Developer/Xcode/DerivedData/App-flzltcdmtckmrqcuxnypqsjuaodg/Build/Intermediates.noindex/ArchiveIntermediates/App/InstallationBuildProductsLocation/Applications/App.app/Frameworks/Capacitor.framework

SwiftDriverJobDiscovery normal arm64 Compiling AppDelegate.swift, GeneratedAssetSymbols.swift (in target 'App' from project 'App')

SwiftDriver\ Compilation\ Requirements App normal arm64 com.apple.xcode.tools.swift.compiler (in target 'App' from project 'App')
    cd /Users/home/Websites/petrabaptist/ios/App
    builtin-Swift-Compilation-Requirements -- /Applications/Xcode.app/Contents/Developer/Toolchains/XcodeDefault.xctoolchain/usr/bin/swiftc -module-name App -O -whole-module-optimization -enforce-exclusivity\=checked @/Users/home/Library/Developer/Xcode/DerivedData/App-flzltcdmtckmrqcuxnypqsjuaodg/Build/Intermediates.noindex/ArchiveIntermediates/App/IntermediateBuildFilesPath/App.build/Release-iphoneos/App.build/Objects-normal/arm64/App.SwiftFileList -enable-bare-slash-regex -enable-experimental-feature DebugDescriptionMacro -sdk /Applications/Xcode.app/Contents/Developer/Platforms/iPhoneOS.platform/Developer/SDKs/iPhoneOS26.2.sdk -target arm64-apple-ios15.0 -g -module-cache-path /Users/home/Library/Developer/Xcode/DerivedData/ModuleCache.noindex -Xfrontend -serialize-debugging-options -swift-version 5 -I /Users/home/Library/Developer/Xcode/DerivedData/App-flzltcdmtckmrqcuxnypqsjuaodg/Build/Intermediates.noindex/ArchiveIntermediates/App/BuildProductsPath/Release-iphoneos -F /Users/home/Library/Developer/Xcode/DerivedData/App-flzltcdmtckmrqcuxnypqsjuaodg/Build/Intermediates.noindex/ArchiveIntermediates/App/BuildProductsPath/Release-iphoneos/PackageFrameworks -F /Users/home/Library/Developer/Xcode/DerivedData/App-flzltcdmtckmrqcuxnypqsjuaodg/Build/Intermediates.noindex/ArchiveIntermediates/App/BuildProductsPath/Release-iphoneos/PackageFrameworks -F /Users/home/Library/Developer/Xcode/DerivedData/App-flzltcdmtckmrqcuxnypqsjuaodg/Build/Intermediates.noindex/ArchiveIntermediates/App/BuildProductsPath/Release-iphoneos/PackageFrameworks -F /Users/home/Library/Developer/Xcode/DerivedData/App-flzltcdmtckmrqcuxnypqsjuaodg/Build/Intermediates.noindex/ArchiveIntermediates/App/BuildProductsPath/Release-iphoneos/PackageFrameworks -F /Users/home/Library/Developer/Xcode/DerivedData/App-flzltcdmtckmrqcuxnypqsjuaodg/Build/Intermediates.noindex/ArchiveIntermediates/App/BuildProductsPath/Release-iphoneos -c -num-threads 4 -Xcc -ivfsstatcache -Xcc /Users/home/Library/Developer/Xcode/DerivedData/SDKStatCaches.noindex/iphoneos26.2-23C57-3794476bd08197c3e2abd9bb477ef7f7.sdkstatcache -output-file-map /Users/home/Library/Developer/Xcode/DerivedData/App-flzltcdmtckmrqcuxnypqsjuaodg/Build/Intermediates.noindex/ArchiveIntermediates/App/IntermediateBuildFilesPath/App.build/Release-iphoneos/App.build/Objects-normal/arm64/App-OutputFileMap.json -use-frontend-parseable-output -save-temps -no-color-diagnostics -explicit-module-build -module-cache-path /Users/home/Library/Developer/Xcode/DerivedData/App-flzltcdmtckmrqcuxnypqsjuaodg/Build/Intermediates.noindex/ArchiveIntermediates/App/IntermediateBuildFilesPath/SwiftExplicitPrecompiledModules -clang-scanner-module-cache-path /Users/home/Library/Developer/Xcode/DerivedData/ModuleCache.noindex -sdk-module-cache-path /Users/home/Library/Developer/Xcode/DerivedData/ModuleCache.noindex -serialize-diagnostics -emit-dependencies -emit-module -emit-module-path /Users/home/Library/Developer/Xcode/DerivedData/App-flzltcdmtckmrqcuxnypqsjuaodg/Build/Intermediates.noindex/ArchiveIntermediates/App/IntermediateBuildFilesPath/App.build/Release-iphoneos/App.build/Objects-normal/arm64/App.swiftmodule -validate-clang-modules-once -clang-build-session-file /Users/home/Library/Developer/Xcode/DerivedData/ModuleCache.noindex/Session.modulevalidation -Xcc -I/Users/home/Library/Developer/Xcode/DerivedData/App-flzltcdmtckmrqcuxnypqsjuaodg/Build/Intermediates.noindex/ArchiveIntermediates/App/IntermediateBuildFilesPath/App.build/Release-iphoneos/App.build/swift-overrides.hmap -emit-const-values -Xfrontend -const-gather-protocols-file -Xfrontend /Users/home/Library/Developer/Xcode/DerivedData/App-flzltcdmtckmrqcuxnypqsjuaodg/Build/Intermediates.noindex/ArchiveIntermediates/App/IntermediateBuildFilesPath/App.build/Release-iphoneos/App.build/Objects-normal/arm64/App_const_extract_protocols.json -Xcc -iquote -Xcc /Users/home/Library/Developer/Xcode/DerivedData/App-flzltcdmtckmrqcuxnypqsjuaodg/Build/Intermediates.noindex/ArchiveIntermediates/App/IntermediateBuildFilesPath/App.build/Release-iphoneos/App.build/App-generated-files.hmap -Xcc -I/Users/home/Library/Developer/Xcode/DerivedData/App-flzltcdmtckmrqcuxnypqsjuaodg/Build/Intermediates.noindex/ArchiveIntermediates/App/IntermediateBuildFilesPath/App.build/Release-iphoneos/App.build/App-own-target-headers.hmap -Xcc -I/Users/home/Library/Developer/Xcode/DerivedData/App-flzltcdmtckmrqcuxnypqsjuaodg/Build/Intermediates.noindex/ArchiveIntermediates/App/IntermediateBuildFilesPath/App.build/Release-iphoneos/App.build/App-all-non-framework-target-headers.hmap -Xcc -ivfsoverlay -Xcc /Users/home/Library/Developer/Xcode/DerivedData/App-flzltcdmtckmrqcuxnypqsjuaodg/Build/Intermediates.noindex/ArchiveIntermediates/App/IntermediateBuildFilesPath/App.build/Release-iphoneos/App-0ca3007d900a678c2b4d53418799ee3d-VFS-iphoneos/all-product-headers.yaml -Xcc -iquote -Xcc /Users/home/Library/Developer/Xcode/DerivedData/App-flzltcdmtckmrqcuxnypqsjuaodg/Build/Intermediates.noindex/ArchiveIntermediates/App/IntermediateBuildFilesPath/App.build/Release-iphoneos/App.build/App-project-headers.hmap -Xcc -I/Users/home/Library/Developer/Xcode/DerivedData/App-flzltcdmtckmrqcuxnypqsjuaodg/Build/Intermediates.noindex/ArchiveIntermediates/App/BuildProductsPath/Release-iphoneos/include -Xcc -I/Users/home/Library/Developer/Xcode/DerivedData/App-flzltcdmtckmrqcuxnypqsjuaodg/Build/Intermediates.noindex/ArchiveIntermediates/App/IntermediateBuildFilesPath/App.build/Release-iphoneos/App.build/DerivedSources-normal/arm64 -Xcc -I/Users/home/Library/Developer/Xcode/DerivedData/App-flzltcdmtckmrqcuxnypqsjuaodg/Build/Intermediates.noindex/ArchiveIntermediates/App/IntermediateBuildFilesPath/App.build/Release-iphoneos/App.build/DerivedSources/arm64 -Xcc -I/Users/home/Library/Developer/Xcode/DerivedData/App-flzltcdmtckmrqcuxnypqsjuaodg/Build/Intermediates.noindex/ArchiveIntermediates/App/IntermediateBuildFilesPath/App.build/Release-iphoneos/App.build/DerivedSources -emit-objc-header -emit-objc-header-path /Users/home/Library/Developer/Xcode/DerivedData/App-flzltcdmtckmrqcuxnypqsjuaodg/Build/Intermediates.noindex/ArchiveIntermediates/App/IntermediateBuildFilesPath/App.build/Release-iphoneos/App.build/Objects-normal/arm64/App-Swift.h -working-directory /Users/home/Websites/petrabaptist/ios/App -no-emit-module-separately-wmo

SwiftMergeGeneratedHeaders /Users/home/Library/Developer/Xcode/DerivedData/App-flzltcdmtckmrqcuxnypqsjuaodg/Build/Intermediates.noindex/ArchiveIntermediates/App/IntermediateBuildFilesPath/App.build/Release-iphoneos/App.build/DerivedSources/App-Swift.h /Users/home/Library/Developer/Xcode/DerivedData/App-flzltcdmtckmrqcuxnypqsjuaodg/Build/Intermediates.noindex/ArchiveIntermediates/App/IntermediateBuildFilesPath/App.build/Release-iphoneos/App.build/Objects-normal/arm64/App-Swift.h (in target 'App' from project 'App')
    cd /Users/home/Websites/petrabaptist/ios/App
    builtin-swiftHeaderTool -arch arm64 /Users/home/Library/Developer/Xcode/DerivedData/App-flzltcdmtckmrqcuxnypqsjuaodg/Build/Intermediates.noindex/ArchiveIntermediates/App/IntermediateBuildFilesPath/App.build/Release-iphoneos/App.build/Objects-normal/arm64/App-Swift.h -o /Users/home/Library/Developer/Xcode/DerivedData/App-flzltcdmtckmrqcuxnypqsjuaodg/Build/Intermediates.noindex/ArchiveIntermediates/App/IntermediateBuildFilesPath/App.build/Release-iphoneos/App.build/DerivedSources/App-Swift.h

Copy /Users/home/Library/Developer/Xcode/DerivedData/App-flzltcdmtckmrqcuxnypqsjuaodg/Build/Intermediates.noindex/ArchiveIntermediates/App/BuildProductsPath/Release-iphoneos/App.swiftmodule/arm64-apple-ios.swiftmodule /Users/home/Library/Developer/Xcode/DerivedData/App-flzltcdmtckmrqcuxnypqsjuaodg/Build/Intermediates.noindex/ArchiveIntermediates/App/IntermediateBuildFilesPath/App.build/Release-iphoneos/App.build/Objects-normal/arm64/App.swiftmodule (in target 'App' from project 'App')
    cd /Users/home/Websites/petrabaptist/ios/App
    builtin-copy -exclude .DS_Store -exclude CVS -exclude .svn -exclude .git -exclude .hg -resolve-src-symlinks -rename /Users/home/Library/Developer/Xcode/DerivedData/App-flzltcdmtckmrqcuxnypqsjuaodg/Build/Intermediates.noindex/ArchiveIntermediates/App/IntermediateBuildFilesPath/App.build/Release-iphoneos/App.build/Objects-normal/arm64/App.swiftmodule /Users/home/Library/Developer/Xcode/DerivedData/App-flzltcdmtckmrqcuxnypqsjuaodg/Build/Intermediates.noindex/ArchiveIntermediates/App/BuildProductsPath/Release-iphoneos/App.swiftmodule/arm64-apple-ios.swiftmodule

Copy /Users/home/Library/Developer/Xcode/DerivedData/App-flzltcdmtckmrqcuxnypqsjuaodg/Build/Intermediates.noindex/ArchiveIntermediates/App/BuildProductsPath/Release-iphoneos/App.swiftmodule/arm64-apple-ios.swiftdoc /Users/home/Library/Developer/Xcode/DerivedData/App-flzltcdmtckmrqcuxnypqsjuaodg/Build/Intermediates.noindex/ArchiveIntermediates/App/IntermediateBuildFilesPath/App.build/Release-iphoneos/App.build/Objects-normal/arm64/App.swiftdoc (in target 'App' from project 'App')
    cd /Users/home/Websites/petrabaptist/ios/App
    builtin-copy -exclude .DS_Store -exclude CVS -exclude .svn -exclude .git -exclude .hg -resolve-src-symlinks -rename /Users/home/Library/Developer/Xcode/DerivedData/App-flzltcdmtckmrqcuxnypqsjuaodg/Build/Intermediates.noindex/ArchiveIntermediates/App/IntermediateBuildFilesPath/App.build/Release-iphoneos/App.build/Objects-normal/arm64/App.swiftdoc /Users/home/Library/Developer/Xcode/DerivedData/App-flzltcdmtckmrqcuxnypqsjuaodg/Build/Intermediates.noindex/ArchiveIntermediates/App/BuildProductsPath/Release-iphoneos/App.swiftmodule/arm64-apple-ios.swiftdoc

Copy /Users/home/Library/Developer/Xcode/DerivedData/App-flzltcdmtckmrqcuxnypqsjuaodg/Build/Intermediates.noindex/ArchiveIntermediates/App/BuildProductsPath/Release-iphoneos/App.swiftmodule/arm64-apple-ios.abi.json /Users/home/Library/Developer/Xcode/DerivedData/App-flzltcdmtckmrqcuxnypqsjuaodg/Build/Intermediates.noindex/ArchiveIntermediates/App/IntermediateBuildFilesPath/App.build/Release-iphoneos/App.build/Objects-normal/arm64/App.abi.json (in target 'App' from project 'App')
    cd /Users/home/Websites/petrabaptist/ios/App
    builtin-copy -exclude .DS_Store -exclude CVS -exclude .svn -exclude .git -exclude .hg -resolve-src-symlinks -rename /Users/home/Library/Developer/Xcode/DerivedData/App-flzltcdmtckmrqcuxnypqsjuaodg/Build/Intermediates.noindex/ArchiveIntermediates/App/IntermediateBuildFilesPath/App.build/Release-iphoneos/App.build/Objects-normal/arm64/App.abi.json /Users/home/Library/Developer/Xcode/DerivedData/App-flzltcdmtckmrqcuxnypqsjuaodg/Build/Intermediates.noindex/ArchiveIntermediates/App/BuildProductsPath/Release-iphoneos/App.swiftmodule/arm64-apple-ios.abi.json

Ld /Users/home/Library/Developer/Xcode/DerivedData/App-flzltcdmtckmrqcuxnypqsjuaodg/Build/Intermediates.noindex/ArchiveIntermediates/App/InstallationBuildProductsLocation/Applications/App.app/App normal (in target 'App' from project 'App')
    cd /Users/home/Websites/petrabaptist/ios/App
    /Applications/Xcode.app/Contents/Developer/Toolchains/XcodeDefault.xctoolchain/usr/bin/clang -Xlinker -reproducible -target arm64-apple-ios15.0 -isysroot /Applications/Xcode.app/Contents/Developer/Platforms/iPhoneOS.platform/Developer/SDKs/iPhoneOS26.2.sdk -Os -L/Users/home/Library/Developer/Xcode/DerivedData/App-flzltcdmtckmrqcuxnypqsjuaodg/Build/Intermediates.noindex/ArchiveIntermediates/App/IntermediateBuildFilesPath/EagerLinkingTBDs/Release-iphoneos -L/Users/home/Library/Developer/Xcode/DerivedData/App-flzltcdmtckmrqcuxnypqsjuaodg/Build/Intermediates.noindex/ArchiveIntermediates/App/BuildProductsPath/Release-iphoneos -F/Users/home/Library/Developer/Xcode/DerivedData/App-flzltcdmtckmrqcuxnypqsjuaodg/Build/Intermediates.noindex/ArchiveIntermediates/App/IntermediateBuildFilesPath/EagerLinkingTBDs/Release-iphoneos -F/Users/home/Library/Developer/Xcode/DerivedData/App-flzltcdmtckmrqcuxnypqsjuaodg/Build/Intermediates.noindex/ArchiveIntermediates/App/BuildProductsPath/Release-iphoneos/PackageFrameworks -F/Users/home/Library/Developer/Xcode/DerivedData/App-flzltcdmtckmrqcuxnypqsjuaodg/Build/Intermediates.noindex/ArchiveIntermediates/App/BuildProductsPath/Release-iphoneos/PackageFrameworks -F/Users/home/Library/Developer/Xcode/DerivedData/App-flzltcdmtckmrqcuxnypqsjuaodg/Build/Intermediates.noindex/ArchiveIntermediates/App/BuildProductsPath/Release-iphoneos/PackageFrameworks -F/Users/home/Library/Developer/Xcode/DerivedData/App-flzltcdmtckmrqcuxnypqsjuaodg/Build/Intermediates.noindex/ArchiveIntermediates/App/BuildProductsPath/Release-iphoneos/PackageFrameworks -F/Users/home/Library/Developer/Xcode/DerivedData/App-flzltcdmtckmrqcuxnypqsjuaodg/Build/Intermediates.noindex/ArchiveIntermediates/App/BuildProductsPath/Release-iphoneos -filelist /Users/home/Library/Developer/Xcode/DerivedData/App-flzltcdmtckmrqcuxnypqsjuaodg/Build/Intermediates.noindex/ArchiveIntermediates/App/IntermediateBuildFilesPath/App.build/Release-iphoneos/App.build/Objects-normal/arm64/App.LinkFileList -Xlinker -rpath -Xlinker /usr/lib/swift -Xlinker -rpath -Xlinker @executable_path/Frameworks -dead_strip -Xlinker -object_path_lto -Xlinker /Users/home/Library/Developer/Xcode/DerivedData/App-flzltcdmtckmrqcuxnypqsjuaodg/Build/Intermediates.noindex/ArchiveIntermediates/App/IntermediateBuildFilesPath/App.build/Release-iphoneos/App.build/Objects-normal/arm64/App_lto.o -Xlinker -final_output -Xlinker /Applications/App.app/App -Xlinker -dependency_info -Xlinker /Users/home/Library/Developer/Xcode/DerivedData/App-flzltcdmtckmrqcuxnypqsjuaodg/Build/Intermediates.noindex/ArchiveIntermediates/App/IntermediateBuildFilesPath/App.build/Release-iphoneos/App.build/Objects-normal/arm64/App_dependency_info.dat -fobjc-link-runtime -L/Applications/Xcode.app/Contents/Developer/Toolchains/XcodeDefault.xctoolchain/usr/lib/swift/iphoneos -L/usr/lib/swift -Xlinker -add_ast_path -Xlinker /Users/home/Library/Developer/Xcode/DerivedData/App-flzltcdmtckmrqcuxnypqsjuaodg/Build/Intermediates.noindex/ArchiveIntermediates/App/IntermediateBuildFilesPath/App.build/Release-iphoneos/App.build/Objects-normal/arm64/App.swiftmodule @/Users/home/Library/Developer/Xcode/DerivedData/App-flzltcdmtckmrqcuxnypqsjuaodg/Build/Intermediates.noindex/ArchiveIntermediates/App/IntermediateBuildFilesPath/App.build/Release-iphoneos/App.build/Objects-normal/arm64/App-linker-args.resp -Wl,-no_warn_duplicate_libraries -Wl,-no_warn_duplicate_libraries -Wl,-no_warn_duplicate_libraries -Wl,-no_warn_duplicate_libraries -framework Capacitor -framework Capacitor -framework Cordova -framework Cordova -framework Capacitor -framework Cordova -framework Capacitor -framework Cordova -framework Capacitor -framework Cordova -Xlinker -no_adhoc_codesign -o /Users/home/Library/Developer/Xcode/DerivedData/App-flzltcdmtckmrqcuxnypqsjuaodg/Build/Intermediates.noindex/ArchiveIntermediates/App/InstallationBuildProductsLocation/Applications/App.app/App -Xlinker -add_ast_path -Xlinker /Users/home/Library/Developer/Xcode/DerivedData/App-flzltcdmtckmrqcuxnypqsjuaodg/Build/Intermediates.noindex/ArchiveIntermediates/App/IntermediateBuildFilesPath/CapApp-SPM.build/Release-iphoneos/CapApp-SPM.build/Objects-normal/arm64/CapApp_SPM.swiftmodule @/Users/home/Library/Developer/Xcode/DerivedData/App-flzltcdmtckmrqcuxnypqsjuaodg/Build/Intermediates.noindex/ArchiveIntermediates/App/IntermediateBuildFilesPath/CapApp-SPM.build/Release-iphoneos/CapApp-SPM.build/Objects-normal/arm64/CapApp_SPM-linker-args.resp -Xlinker -add_ast_path -Xlinker /Users/home/Library/Developer/Xcode/DerivedData/App-flzltcdmtckmrqcuxnypqsjuaodg/Build/Intermediates.noindex/ArchiveIntermediates/App/IntermediateBuildFilesPath/CapacitorBrowser.build/Release-iphoneos/BrowserPlugin.build/Objects-normal/arm64/BrowserPlugin.swiftmodule @/Users/home/Library/Developer/Xcode/DerivedData/App-flzltcdmtckmrqcuxnypqsjuaodg/Build/Intermediates.noindex/ArchiveIntermediates/App/IntermediateBuildFilesPath/CapacitorBrowser.build/Release-iphoneos/BrowserPlugin.build/Objects-normal/arm64/BrowserPlugin-linker-args.resp -Xlinker -add_ast_path -Xlinker /Users/home/Library/Developer/Xcode/DerivedData/App-flzltcdmtckmrqcuxnypqsjuaodg/Build/Intermediates.noindex/ArchiveIntermediates/App/IntermediateBuildFilesPath/CapacitorCamera.build/Release-iphoneos/CameraPlugin.build/Objects-normal/arm64/CameraPlugin.swiftmodule @/Users/home/Library/Developer/Xcode/DerivedData/App-flzltcdmtckmrqcuxnypqsjuaodg/Build/Intermediates.noindex/ArchiveIntermediates/App/IntermediateBuildFilesPath/CapacitorCamera.build/Release-iphoneos/CameraPlugin.build/Objects-normal/arm64/CameraPlugin-linker-args.resp -Xlinker -add_ast_path -Xlinker /Users/home/Library/Developer/Xcode/DerivedData/App-flzltcdmtckmrqcuxnypqsjuaodg/Build/Intermediates.noindex/ArchiveIntermediates/App/IntermediateBuildFilesPath/CapacitorSplashScreen.build/Release-iphoneos/SplashScreenPlugin.build/Objects-normal/arm64/SplashScreenPlugin.swiftmodule @/Users/home/Library/Developer/Xcode/DerivedData/App-flzltcdmtckmrqcuxnypqsjuaodg/Build/Intermediates.noindex/ArchiveIntermediates/App/IntermediateBuildFilesPath/CapacitorSplashScreen.build/Release-iphoneos/SplashScreenPlugin.build/Objects-normal/arm64/SplashScreenPlugin-linker-args.resp

LinkAssetCatalog /Users/home/Websites/petrabaptist/ios/App/App/Assets.xcassets (in target 'App' from project 'App')
    cd /Users/home/Websites/petrabaptist/ios/App
    builtin-linkAssetCatalog --thinned /Users/home/Library/Developer/Xcode/DerivedData/App-flzltcdmtckmrqcuxnypqsjuaodg/Build/Intermediates.noindex/ArchiveIntermediates/App/IntermediateBuildFilesPath/App.build/Release-iphoneos/App.build/assetcatalog_output/thinned --thinned-dependencies /Users/home/Library/Developer/Xcode/DerivedData/App-flzltcdmtckmrqcuxnypqsjuaodg/Build/Intermediates.noindex/ArchiveIntermediates/App/IntermediateBuildFilesPath/App.build/Release-iphoneos/App.build/assetcatalog_dependencies_thinned --thinned-info-plist-content /Users/home/Library/Developer/Xcode/DerivedData/App-flzltcdmtckmrqcuxnypqsjuaodg/Build/Intermediates.noindex/ArchiveIntermediates/App/IntermediateBuildFilesPath/App.build/Release-iphoneos/App.build/assetcatalog_generated_info.plist_thinned --unthinned /Users/home/Library/Developer/Xcode/DerivedData/App-flzltcdmtckmrqcuxnypqsjuaodg/Build/Intermediates.noindex/ArchiveIntermediates/App/IntermediateBuildFilesPath/App.build/Release-iphoneos/App.build/assetcatalog_output/unthinned --unthinned-dependencies /Users/home/Library/Developer/Xcode/DerivedData/App-flzltcdmtckmrqcuxnypqsjuaodg/Build/Intermediates.noindex/ArchiveIntermediates/App/IntermediateBuildFilesPath/App.build/Release-iphoneos/App.build/assetcatalog_dependencies_unthinned --unthinned-info-plist-content /Users/home/Library/Developer/Xcode/DerivedData/App-flzltcdmtckmrqcuxnypqsjuaodg/Build/Intermediates.noindex/ArchiveIntermediates/App/IntermediateBuildFilesPath/App.build/Release-iphoneos/App.build/assetcatalog_generated_info.plist_unthinned --output /Users/home/Library/Developer/Xcode/DerivedData/App-flzltcdmtckmrqcuxnypqsjuaodg/Build/Intermediates.noindex/ArchiveIntermediates/App/InstallationBuildProductsLocation/Applications/App.app --plist-output /Users/home/Library/Developer/Xcode/DerivedData/App-flzltcdmtckmrqcuxnypqsjuaodg/Build/Intermediates.noindex/ArchiveIntermediates/App/IntermediateBuildFilesPath/App.build/Release-iphoneos/App.build/assetcatalog_generated_info.plist
note: Emplaced /Users/home/Library/Developer/Xcode/DerivedData/App-flzltcdmtckmrqcuxnypqsjuaodg/Build/Intermediates.noindex/ArchiveIntermediates/App/InstallationBuildProductsLocation/Applications/App.app/Assets.car (in target 'App' from project 'App')
note: Emplaced /Users/home/Library/Developer/Xcode/DerivedData/App-flzltcdmtckmrqcuxnypqsjuaodg/Build/Intermediates.noindex/ArchiveIntermediates/App/InstallationBuildProductsLocation/Applications/App.app/AppIcon76x76@2x~ipad.png (in target 'App' from project 'App')
note: Emplaced /Users/home/Library/Developer/Xcode/DerivedData/App-flzltcdmtckmrqcuxnypqsjuaodg/Build/Intermediates.noindex/ArchiveIntermediates/App/InstallationBuildProductsLocation/Applications/App.app/AppIcon60x60@2x.png (in target 'App' from project 'App')

ProcessInfoPlistFile /Users/home/Library/Developer/Xcode/DerivedData/App-flzltcdmtckmrqcuxnypqsjuaodg/Build/Intermediates.noindex/ArchiveIntermediates/App/InstallationBuildProductsLocation/Applications/App.app/Info.plist /Users/home/Websites/petrabaptist/ios/App/App/Info.plist (in target 'App' from project 'App')
    cd /Users/home/Websites/petrabaptist/ios/App
    builtin-infoPlistUtility /Users/home/Websites/petrabaptist/ios/App/App/Info.plist -producttype com.apple.product-type.application -genpkginfo /Users/home/Library/Developer/Xcode/DerivedData/App-flzltcdmtckmrqcuxnypqsjuaodg/Build/Intermediates.noindex/ArchiveIntermediates/App/InstallationBuildProductsLocation/Applications/App.app/PkgInfo -expandbuildsettings -format binary -platform iphoneos -additionalcontentfile /Users/home/Library/Developer/Xcode/DerivedData/App-flzltcdmtckmrqcuxnypqsjuaodg/Build/Intermediates.noindex/ArchiveIntermediates/App/IntermediateBuildFilesPath/App.build/Release-iphoneos/App.build/Base.lproj/LaunchScreen-SBPartialInfo.plist -additionalcontentfile /Users/home/Library/Developer/Xcode/DerivedData/App-flzltcdmtckmrqcuxnypqsjuaodg/Build/Intermediates.noindex/ArchiveIntermediates/App/IntermediateBuildFilesPath/App.build/Release-iphoneos/App.build/Base.lproj/Main-SBPartialInfo.plist -additionalcontentfile /Users/home/Library/Developer/Xcode/DerivedData/App-flzltcdmtckmrqcuxnypqsjuaodg/Build/Intermediates.noindex/ArchiveIntermediates/App/IntermediateBuildFilesPath/App.build/Release-iphoneos/App.build/assetcatalog_generated_info.plist -scanforprivacyfile /Users/home/Library/Developer/Xcode/DerivedData/App-flzltcdmtckmrqcuxnypqsjuaodg/Build/Intermediates.noindex/ArchiveIntermediates/App/InstallationBuildProductsLocation/Applications/App.app/Frameworks/Capacitor.framework -scanforprivacyfile /Users/home/Library/Developer/Xcode/DerivedData/App-flzltcdmtckmrqcuxnypqsjuaodg/Build/Intermediates.noindex/ArchiveIntermediates/App/InstallationBuildProductsLocation/Applications/App.app/Frameworks/Cordova.framework -requiredArchitecture arm64 -o /Users/home/Library/Developer/Xcode/DerivedData/App-flzltcdmtckmrqcuxnypqsjuaodg/Build/Intermediates.noindex/ArchiveIntermediates/App/InstallationBuildProductsLocation/Applications/App.app/Info.plist

LinkStoryboards (in target 'App' from project 'App')
    cd /Users/home/Websites/petrabaptist/ios/App
    /Applications/Xcode.app/Contents/Developer/usr/bin/ibtool --errors --warnings --notices --module App --target-device iphone --target-device ipad --minimum-deployment-target 15.0 --output-format human-readable-text --link /Users/home/Library/Developer/Xcode/DerivedData/App-flzltcdmtckmrqcuxnypqsjuaodg/Build/Intermediates.noindex/ArchiveIntermediates/App/InstallationBuildProductsLocation/Applications/App.app /Users/home/Library/Developer/Xcode/DerivedData/App-flzltcdmtckmrqcuxnypqsjuaodg/Build/Intermediates.noindex/ArchiveIntermediates/App/IntermediateBuildFilesPath/App.build/Release-iphoneos/App.build/Base.lproj/LaunchScreen.storyboardc /Users/home/Library/Developer/Xcode/DerivedData/App-flzltcdmtckmrqcuxnypqsjuaodg/Build/Intermediates.noindex/ArchiveIntermediates/App/IntermediateBuildFilesPath/App.build/Release-iphoneos/App.build/Base.lproj/Main.storyboardc

GenerateDSYMFile /Users/home/Library/Developer/Xcode/DerivedData/App-flzltcdmtckmrqcuxnypqsjuaodg/Build/Intermediates.noindex/ArchiveIntermediates/App/BuildProductsPath/Release-iphoneos/App.app.dSYM /Users/home/Library/Developer/Xcode/DerivedData/App-flzltcdmtckmrqcuxnypqsjuaodg/Build/Intermediates.noindex/ArchiveIntermediates/App/InstallationBuildProductsLocation/Applications/App.app/App (in target 'App' from project 'App')
    cd /Users/home/Websites/petrabaptist/ios/App
    /Applications/Xcode.app/Contents/Developer/Toolchains/XcodeDefault.xctoolchain/usr/bin/dsymutil /Users/home/Library/Developer/Xcode/DerivedData/App-flzltcdmtckmrqcuxnypqsjuaodg/Build/Intermediates.noindex/ArchiveIntermediates/App/InstallationBuildProductsLocation/Applications/App.app/App -o /Users/home/Library/Developer/Xcode/DerivedData/App-flzltcdmtckmrqcuxnypqsjuaodg/Build/Intermediates.noindex/ArchiveIntermediates/App/BuildProductsPath/Release-iphoneos/App.app.dSYM

CopySwiftLibs /Users/home/Library/Developer/Xcode/DerivedData/App-flzltcdmtckmrqcuxnypqsjuaodg/Build/Intermediates.noindex/ArchiveIntermediates/App/InstallationBuildProductsLocation/Applications/App.app (in target 'App' from project 'App')
    cd /Users/home/Websites/petrabaptist/ios/App
    builtin-swiftStdLibTool --copy --verbose --sign DA47A198E942C2047C3C6BFFFC2A723837C7573A --scan-executable /Users/home/Library/Developer/Xcode/DerivedData/App-flzltcdmtckmrqcuxnypqsjuaodg/Build/Intermediates.noindex/ArchiveIntermediates/App/InstallationBuildProductsLocation/Applications/App.app/App --scan-folder /Users/home/Library/Developer/Xcode/DerivedData/App-flzltcdmtckmrqcuxnypqsjuaodg/Build/Intermediates.noindex/ArchiveIntermediates/App/InstallationBuildProductsLocation/Applications/App.app/Frameworks --scan-folder /Users/home/Library/Developer/Xcode/DerivedData/App-flzltcdmtckmrqcuxnypqsjuaodg/Build/Intermediates.noindex/ArchiveIntermediates/App/InstallationBuildProductsLocation/Applications/App.app/PlugIns --scan-folder /Users/home/Library/Developer/Xcode/DerivedData/App-flzltcdmtckmrqcuxnypqsjuaodg/Build/Intermediates.noindex/ArchiveIntermediates/App/InstallationBuildProductsLocation/Applications/App.app/SystemExtensions --scan-folder /Users/home/Library/Developer/Xcode/DerivedData/App-flzltcdmtckmrqcuxnypqsjuaodg/Build/Intermediates.noindex/ArchiveIntermediates/App/InstallationBuildProductsLocation/Applications/App.app/Extensions --platform iphoneos --toolchain /Applications/Xcode.app/Contents/Developer/Toolchains/XcodeDefault.xctoolchain --destination /Users/home/Library/Developer/Xcode/DerivedData/App-flzltcdmtckmrqcuxnypqsjuaodg/Build/Intermediates.noindex/ArchiveIntermediates/App/InstallationBuildProductsLocation/Applications/App.app/Frameworks --unsigned-destination /Users/home/Library/Developer/Xcode/DerivedData/App-flzltcdmtckmrqcuxnypqsjuaodg/Build/Intermediates.noindex/ArchiveIntermediates/App/BuildProductsPath/SwiftSupport --strip-bitcode --strip-bitcode-tool /Applications/Xcode.app/Contents/Developer/Toolchains/XcodeDefault.xctoolchain/usr/bin/bitcode_strip --emit-dependency-info /Users/home/Library/Developer/Xcode/DerivedData/App-flzltcdmtckmrqcuxnypqsjuaodg/Build/Intermediates.noindex/ArchiveIntermediates/App/IntermediateBuildFilesPath/App.build/Release-iphoneos/App.build/SwiftStdLibToolInputDependencies.dep --filter-for-swift-os --back-deploy-swift-span

ExtractAppIntentsMetadata (in target 'App' from project 'App')
    cd /Users/home/Websites/petrabaptist/ios/App
    /Applications/Xcode.app/Contents/Developer/Toolchains/XcodeDefault.xctoolchain/usr/bin/appintentsmetadataprocessor --toolchain-dir /Applications/Xcode.app/Contents/Developer/Toolchains/XcodeDefault.xctoolchain --module-name App --sdk-root /Applications/Xcode.app/Contents/Developer/Platforms/iPhoneOS.platform/Developer/SDKs/iPhoneOS26.2.sdk --xcode-version 17C519 --platform-family iOS --deployment-target 15.0 --bundle-identifier com.petrabaptist.petrabaptistchurch --output /Users/home/Library/Developer/Xcode/DerivedData/App-flzltcdmtckmrqcuxnypqsjuaodg/Build/Intermediates.noindex/ArchiveIntermediates/App/InstallationBuildProductsLocation/Applications/App.app --target-triple arm64-apple-ios15.0 --binary-file /Users/home/Library/Developer/Xcode/DerivedData/App-flzltcdmtckmrqcuxnypqsjuaodg/Build/Intermediates.noindex/ArchiveIntermediates/App/InstallationBuildProductsLocation/Applications/App.app/App --dependency-file /Users/home/Library/Developer/Xcode/DerivedData/App-flzltcdmtckmrqcuxnypqsjuaodg/Build/Intermediates.noindex/ArchiveIntermediates/App/IntermediateBuildFilesPath/App.build/Release-iphoneos/App.build/Objects-normal/arm64/App_dependency_info.dat --stringsdata-file /Users/home/Library/Developer/Xcode/DerivedData/App-flzltcdmtckmrqcuxnypqsjuaodg/Build/Intermediates.noindex/ArchiveIntermediates/App/IntermediateBuildFilesPath/App.build/Release-iphoneos/App.build/Objects-normal/arm64/ExtractedAppShortcutsMetadata.stringsdata --source-file-list /Users/home/Library/Developer/Xcode/DerivedData/App-flzltcdmtckmrqcuxnypqsjuaodg/Build/Intermediates.noindex/ArchiveIntermediates/App/IntermediateBuildFilesPath/App.build/Release-iphoneos/App.build/Objects-normal/arm64/App.SwiftFileList --metadata-file-list /Users/home/Library/Developer/Xcode/DerivedData/App-flzltcdmtckmrqcuxnypqsjuaodg/Build/Intermediates.noindex/ArchiveIntermediates/App/IntermediateBuildFilesPath/App.build/Release-iphoneos/App.build/App.DependencyMetadataFileList --static-metadata-file-list /Users/home/Library/Developer/Xcode/DerivedData/App-flzltcdmtckmrqcuxnypqsjuaodg/Build/Intermediates.noindex/ArchiveIntermediates/App/IntermediateBuildFilesPath/App.build/Release-iphoneos/App.build/App.DependencyStaticMetadataFileList --swift-const-vals-list /Users/home/Library/Developer/Xcode/DerivedData/App-flzltcdmtckmrqcuxnypqsjuaodg/Build/Intermediates.noindex/ArchiveIntermediates/App/IntermediateBuildFilesPath/App.build/Release-iphoneos/App.build/Objects-normal/arm64/App.SwiftConstValuesFileList --compile-time-extraction --deployment-aware-processing --validate-assistant-intents --no-app-shortcuts-localization
2026-09-07 17:34:23.989 appintentsmetadataprocessor[1238:12155024] Starting appintentsmetadataprocessor export
2026-09-07 17:34:24.023 appintentsmetadataprocessor[1238:12155024] warning: Metadata extraction skipped. No AppIntents.framework dependency found.

AppIntentsSSUTraining (in target 'App' from project 'App')
    cd /Users/home/Websites/petrabaptist/ios/App
    /Applications/Xcode.app/Contents/Developer/Toolchains/XcodeDefault.xctoolchain/usr/bin/appintentsnltrainingprocessor --infoplist-path /Users/home/Library/Developer/Xcode/DerivedData/App-flzltcdmtckmrqcuxnypqsjuaodg/Build/Intermediates.noindex/ArchiveIntermediates/App/InstallationBuildProductsLocation/Applications/App.app/Info.plist --temp-dir-path /Users/home/Library/Developer/Xcode/DerivedData/App-flzltcdmtckmrqcuxnypqsjuaodg/Build/Intermediates.noindex/ArchiveIntermediates/App/IntermediateBuildFilesPath/App.build/Release-iphoneos/App.build/ssu --bundle-id com.petrabaptist.petrabaptistchurch --product-path /Users/home/Library/Developer/Xcode/DerivedData/App-flzltcdmtckmrqcuxnypqsjuaodg/Build/Intermediates.noindex/ArchiveIntermediates/App/InstallationBuildProductsLocation/Applications/App.app --extracted-metadata-path /Users/home/Library/Developer/Xcode/DerivedData/App-flzltcdmtckmrqcuxnypqsjuaodg/Build/Intermediates.noindex/ArchiveIntermediates/App/InstallationBuildProductsLocation/Applications/App.app/Metadata.appintents --deployment-postprocessing --metadata-file-list /Users/home/Library/Developer/Xcode/DerivedData/App-flzltcdmtckmrqcuxnypqsjuaodg/Build/Intermediates.noindex/ArchiveIntermediates/App/IntermediateBuildFilesPath/App.build/Release-iphoneos/App.build/App.DependencyMetadataFileList --archive-ssu-assets
2026-09-07 17:34:24.740 appintentsnltrainingprocessor[1239:12155034] Parsing options for appintentsnltrainingprocessor
2026-09-07 17:34:24.745 appintentsnltrainingprocessor[1239:12155034] No AppShortcuts found - Skipping.

Strip /Users/home/Library/Developer/Xcode/DerivedData/App-flzltcdmtckmrqcuxnypqsjuaodg/Build/Intermediates.noindex/ArchiveIntermediates/App/InstallationBuildProductsLocation/Applications/App.app/App (in target 'App' from project 'App')
    cd /Users/home/Websites/petrabaptist/ios/App
    /Applications/Xcode.app/Contents/Developer/Toolchains/XcodeDefault.xctoolchain/usr/bin/strip -D /Users/home/Library/Developer/Xcode/DerivedData/App-flzltcdmtckmrqcuxnypqsjuaodg/Build/Intermediates.noindex/ArchiveIntermediates/App/InstallationBuildProductsLocation/Applications/App.app/App

SetOwnerAndGroup home:staff /Users/home/Library/Developer/Xcode/DerivedData/App-flzltcdmtckmrqcuxnypqsjuaodg/Build/Intermediates.noindex/ArchiveIntermediates/App/InstallationBuildProductsLocation/Applications/App.app (in target 'App' from project 'App')
    cd /Users/home/Websites/petrabaptist/ios/App
    /usr/sbin/chown -RH home:staff /Users/home/Library/Developer/Xcode/DerivedData/App-flzltcdmtckmrqcuxnypqsjuaodg/Build/Intermediates.noindex/ArchiveIntermediates/App/InstallationBuildProductsLocation/Applications/App.app

SetMode u+w,go-w,a+rX /Users/home/Library/Developer/Xcode/DerivedData/App-flzltcdmtckmrqcuxnypqsjuaodg/Build/Intermediates.noindex/ArchiveIntermediates/App/InstallationBuildProductsLocation/Applications/App.app (in target 'App' from project 'App')
    cd /Users/home/Websites/petrabaptist/ios/App
    /bin/chmod -RH u+w,go-w,a+rX /Users/home/Library/Developer/Xcode/DerivedData/App-flzltcdmtckmrqcuxnypqsjuaodg/Build/Intermediates.noindex/ArchiveIntermediates/App/InstallationBuildProductsLocation/Applications/App.app

CodeSign /Users/home/Library/Developer/Xcode/DerivedData/App-flzltcdmtckmrqcuxnypqsjuaodg/Build/Intermediates.noindex/ArchiveIntermediates/App/InstallationBuildProductsLocation/Applications/App.app (in target 'App' from project 'App')
    cd /Users/home/Websites/petrabaptist/ios/App
    
    Signing Identity:     "Apple Development: Rev Owens (R6P3TGUHW8)"
    Provisioning Profile: "iOS Team Provisioning Profile: *"
                          (cd02b4e0-ba1e-4f1a-a184-8f3904c23531)
    
    /usr/bin/codesign --force --sign DA47A198E942C2047C3C6BFFFC2A723837C7573A --entitlements /Users/home/Library/Developer/Xcode/DerivedData/App-flzltcdmtckmrqcuxnypqsjuaodg/Build/Intermediates.noindex/ArchiveIntermediates/App/IntermediateBuildFilesPath/App.build/Release-iphoneos/App.build/App.app.xcent --generate-entitlement-der /Users/home/Library/Developer/Xcode/DerivedData/App-flzltcdmtckmrqcuxnypqsjuaodg/Build/Intermediates.noindex/ArchiveIntermediates/App/InstallationBuildProductsLocation/Applications/App.app

RegisterExecutionPolicyException /Users/home/Library/Developer/Xcode/DerivedData/App-flzltcdmtckmrqcuxnypqsjuaodg/Build/Intermediates.noindex/ArchiveIntermediates/App/InstallationBuildProductsLocation/Applications/App.app (in target 'App' from project 'App')
    cd /Users/home/Websites/petrabaptist/ios/App
    builtin-RegisterExecutionPolicyException /Users/home/Library/Developer/Xcode/DerivedData/App-flzltcdmtckmrqcuxnypqsjuaodg/Build/Intermediates.noindex/ArchiveIntermediates/App/InstallationBuildProductsLocation/Applications/App.app

Validate /Users/home/Library/Developer/Xcode/DerivedData/App-flzltcdmtckmrqcuxnypqsjuaodg/Build/Intermediates.noindex/ArchiveIntermediates/App/InstallationBuildProductsLocation/Applications/App.app (in target 'App' from project 'App')
    cd /Users/home/Websites/petrabaptist/ios/App
    builtin-validationUtility /Users/home/Library/Developer/Xcode/DerivedData/App-flzltcdmtckmrqcuxnypqsjuaodg/Build/Intermediates.noindex/ArchiveIntermediates/App/InstallationBuildProductsLocation/Applications/App.app -validate-for-store -shallow-bundle -infoplist-subpath Info.plist

Touch /Users/home/Library/Developer/Xcode/DerivedData/App-flzltcdmtckmrqcuxnypqsjuaodg/Build/Intermediates.noindex/ArchiveIntermediates/App/InstallationBuildProductsLocation/Applications/App.app (in target 'App' from project 'App')
    cd /Users/home/Websites/petrabaptist/ios/App
    /usr/bin/touch -c /Users/home/Library/Developer/Xcode/DerivedData/App-flzltcdmtckmrqcuxnypqsjuaodg/Build/Intermediates.noindex/ArchiveIntermediates/App/InstallationBuildProductsLocation/Applications/App.app

** ARCHIVE SUCCEEDED **

